-- phpMyAdmin SQL Dump
-- version 3.3.7deb7
-- http://www.phpmyadmin.net
--
-- Host: tools.stanford.edu
-- Generation Time: Mar 14, 2013 at 10:21 PM
-- Server version: 5.1.66
-- PHP Version: 5.3.3-7+squeeze14

SET SQL_MODE="NO_AUTO_VALUE_ON_ZERO";


/*!40101 SET @OLD_CHARACTER_SET_CLIENT=@@CHARACTER_SET_CLIENT */;
/*!40101 SET @OLD_CHARACTER_SET_RESULTS=@@CHARACTER_SET_RESULTS */;
/*!40101 SET @OLD_COLLATION_CONNECTION=@@COLLATION_CONNECTION */;
/*!40101 SET NAMES utf8 */;

--
-- Database: `c_cs108_frankchn`
--

-- --------------------------------------------------------

--
-- Table structure for table `achievement`
--

CREATE TABLE IF NOT EXISTS `achievement` (
  `user_id` int(11) NOT NULL,
  `achievement_id` int(11) NOT NULL,
  `timestamp` datetime NOT NULL,
  PRIMARY KEY (`user_id`,`achievement_id`)
) ENGINE=MyISAM DEFAULT CHARSET=utf8;

--
-- Dumping data for table `achievement`
--

INSERT INTO `achievement` (`user_id`, `achievement_id`, `timestamp`) VALUES
(29, 5, '2013-03-14 00:08:44'),
(27, 2, '2013-03-13 23:09:16'),
(27, 5, '2013-03-13 22:26:23'),
(37, 5, '2013-03-13 22:12:55'),
(25, 5, '2013-03-13 22:05:29'),
(35, 1, '2013-03-13 21:31:18'),
(25, 1, '2013-03-13 21:25:22'),
(33, 1, '2013-03-13 21:06:27'),
(27, 1, '2013-03-13 20:32:49');

-- --------------------------------------------------------

--
-- Table structure for table `announcement`
--

CREATE TABLE IF NOT EXISTS `announcement` (
  `announcement_id` int(11) NOT NULL AUTO_INCREMENT,
  `user_id` int(11) NOT NULL,
  `posted` datetime NOT NULL,
  `subject` text NOT NULL,
  `body` text NOT NULL,
  PRIMARY KEY (`announcement_id`)
) ENGINE=InnoDB  DEFAULT CHARSET=utf8 AUTO_INCREMENT=15 ;

--
-- Dumping data for table `announcement`
--

INSERT INTO `announcement` (`announcement_id`, `user_id`, `posted`, `subject`, `body`) VALUES
(13, 25, '2013-03-14 00:20:32', 'Come one, come all!!! ', 'Welcome to the opening of our Quiz Website--''Quite''! What a great name! We hope you enjoy your stay...if you woke up and realized you lived in a webpage, we certainly do hope it''s at least somewhat comfortable!');

-- --------------------------------------------------------

--
-- Table structure for table `friend`
--

CREATE TABLE IF NOT EXISTS `friend` (
  `user_id_1` int(11) NOT NULL,
  `user_id_2` int(11) NOT NULL,
  `established` datetime NOT NULL,
  UNIQUE KEY `user_id_1` (`user_id_1`,`user_id_2`),
  UNIQUE KEY `user_id_2` (`user_id_2`,`user_id_1`)
) ENGINE=InnoDB DEFAULT CHARSET=utf8;

--
-- Dumping data for table `friend`
--

INSERT INTO `friend` (`user_id_1`, `user_id_2`, `established`) VALUES
(27, 25, '2013-03-13 23:21:05'),
(27, 29, '2013-03-13 17:51:59'),
(37, 27, '2013-03-13 23:24:43');

-- --------------------------------------------------------

--
-- Table structure for table `friend_request`
--

CREATE TABLE IF NOT EXISTS `friend_request` (
  `friend_request_id` int(11) NOT NULL AUTO_INCREMENT,
  `requestor_user_id` int(11) NOT NULL,
  `requestee_user_id` int(11) NOT NULL,
  `request_time` datetime NOT NULL,
  PRIMARY KEY (`friend_request_id`)
) ENGINE=InnoDB  DEFAULT CHARSET=utf8 AUTO_INCREMENT=129 ;

--
-- Dumping data for table `friend_request`
--

INSERT INTO `friend_request` (`friend_request_id`, `requestor_user_id`, `requestee_user_id`, `request_time`) VALUES
(119, 25, 29, '2013-03-13 22:06:12');

-- --------------------------------------------------------

--
-- Table structure for table `message`
--

CREATE TABLE IF NOT EXISTS `message` (
  `message_id` int(11) NOT NULL AUTO_INCREMENT,
  `sender_user_id` int(11) NOT NULL,
  `recipient_user_id` int(11) NOT NULL,
  `time_sent` datetime NOT NULL,
  `type` enum('CHALLENGE','GENERAL') NOT NULL,
  `unread` tinyint(4) NOT NULL,
  `quiz_id` int(11) DEFAULT NULL,
  `subject` text NOT NULL,
  `body` text NOT NULL,
  PRIMARY KEY (`message_id`)
) ENGINE=InnoDB  DEFAULT CHARSET=utf8 AUTO_INCREMENT=78 ;

--
-- Dumping data for table `message`
--

INSERT INTO `message` (`message_id`, `sender_user_id`, `recipient_user_id`, `time_sent`, `type`, `unread`, `quiz_id`, `subject`, `body`) VALUES
(57, 27, 29, '2013-03-13 21:03:42', 'GENERAL', 1, -1, 'Hello :)', 'Hey Skipper,\r\n\r\nDid you know that we have the same first name?  I just thought that was cool haha.  Well anyway, I just wanted to say hi and nice to meet you.  Do you want to go for coffee sometime?  I live in the area....\r\n\r\nSkipper'),
(65, 29, 27, '2013-03-13 23:38:46', 'GENERAL', 0, -1, 'URGENT: I need help immediately', 'Forgive me, Skipper, for I have sinned. They have me, and I only have a few seconds to send this to you before he returns to bind me and put me back in my box. I don''t know why he likes this site so much, but when I saw your name in his friends list I knew I needed to ask for help. Please delete this message and let someone know that I''m gone. He wants $6 million, Skip. $6 million. Or he says......tha-'),
(67, 29, 27, '2013-03-13 23:40:12', 'GENERAL', 0, -1, 'Woah there', 'Hey Skipper,\r\n\r\nYeah, it''s cool we share a name, but I think you''re just WAY too far up there on the creep scale. How in the name of all that is holy do you know where I live, hmm? Didn''t think that one through, sorry. I don''t want to be like Taylor and Taylor, if that''s what you were looking for. Please leave me alone.\r\n\r\n-Skip'),
(69, 27, 29, '2013-03-13 23:48:10', 'GENERAL', 1, -1, '', 'I shan''t leave you alone.  Just wait and see, we''ll cross paths yet...');

-- --------------------------------------------------------

--
-- Table structure for table `quiz`
--

CREATE TABLE IF NOT EXISTS `quiz` (
  `quiz_id` int(11) NOT NULL AUTO_INCREMENT,
  `name` varchar(255) NOT NULL,
  `description` text NOT NULL,
  `is_public` tinyint(4) NOT NULL DEFAULT '0',
  `created` datetime NOT NULL,
  `user_id` int(11) NOT NULL,
  `random_questions` tinyint(4) NOT NULL DEFAULT '0',
  `multiple_pages` tinyint(4) NOT NULL DEFAULT '0',
  `immediate_correction` tinyint(4) NOT NULL DEFAULT '0',
  `practice_mode` tinyint(4) NOT NULL DEFAULT '0',
  PRIMARY KEY (`quiz_id`)
) ENGINE=InnoDB  DEFAULT CHARSET=utf8 AUTO_INCREMENT=221 ;

--
-- Dumping data for table `quiz`
--

INSERT INTO `quiz` (`quiz_id`, `name`, `description`, `is_public`, `created`, `user_id`, `random_questions`, `multiple_pages`, `immediate_correction`, `practice_mode`) VALUES
(195, 'Pope Quiz', 'How much do you know about popes?', 1, '2013-03-13 20:32:49', 27, 1, 0, 0, 0),
(197, 'Sound Recording', 'This is a quiz about sound recording techniques.', 1, '2013-03-13 20:41:14', 27, 0, 1, 0, 0),
(199, 'Dim Sum', 'Are you ready to eat??', 1, '2013-03-13 21:06:27', 33, 1, 0, 0, 0),
(201, 'Desserts', '', 1, '2013-03-13 21:22:07', 33, 0, 1, 0, 0),
(203, 'Photography Quiz', 'What do you really know about photography??', 0, '2013-03-13 21:25:21', 25, 1, 0, 0, 0),
(205, 'Track and Field', 'Test your knowledge of the oldest Olympic events!', 1, '2013-03-13 21:25:27', 25, 1, 0, 0, 0),
(207, 'Gymnastics', 'Do you know your gymnasts?', 1, '2013-03-13 21:31:18', 35, 0, 0, 0, 0),
(209, 'Car logo quiz', 'Can you meet the challenge?', 1, '2013-03-13 22:54:43', 27, 0, 0, 0, 0),
(213, 'Guess more car makes', 'Guess the make...', 1, '2013-03-13 23:05:15', 27, 0, 0, 0, 0),
(215, 'Movies', 'Famous quotes from movies', 1, '2013-03-13 23:09:16', 27, 1, 0, 0, 1),
(217, 'Movies Part II', 'Guess more movie quotes!', 0, '2013-03-13 23:14:29', 27, 0, 0, 0, 0);

-- --------------------------------------------------------

--
-- Table structure for table `quiz_attempt`
--

CREATE TABLE IF NOT EXISTS `quiz_attempt` (
  `quiz_attempt_id` int(11) NOT NULL AUTO_INCREMENT,
  `quiz_id` int(11) NOT NULL,
  `user_id` int(11) NOT NULL,
  `start_time` datetime NOT NULL,
  `submission_time` datetime DEFAULT NULL,
  `score` decimal(15,2) DEFAULT NULL,
  `show_score` tinyint(4) NOT NULL,
  `finished` tinyint(4) NOT NULL DEFAULT '0',
  PRIMARY KEY (`quiz_attempt_id`)
) ENGINE=InnoDB  DEFAULT CHARSET=utf8 AUTO_INCREMENT=195 ;

--
-- Dumping data for table `quiz_attempt`
--

INSERT INTO `quiz_attempt` (`quiz_attempt_id`, `quiz_id`, `user_id`, `start_time`, `submission_time`, `score`, `show_score`, `finished`) VALUES
(143, 195, 25, '2013-03-13 21:08:31', NULL, NULL, 1, 0),
(145, 197, 25, '2013-03-13 21:10:11', '2013-03-13 21:11:47', '0.00', 1, 1),
(147, 201, 25, '2013-03-13 22:04:56', '2013-03-13 22:05:29', '14.00', 1, 1),
(153, 195, 27, '2013-03-13 22:13:28', '2013-03-13 22:26:23', '11.00', 1, 1),
(157, 195, 37, '2013-03-13 22:35:27', '2013-03-13 22:35:46', '2.00', 1, 1),
(165, 203, 37, '2013-03-13 22:53:48', '2013-03-13 22:53:55', '0.00', 1, 1),
(177, 213, 29, '2013-03-14 00:09:31', '2013-03-14 00:09:54', '0.00', 1, 1),
(181, 209, 37, '2013-03-14 21:50:40', '2013-03-14 21:50:59', '14.00', 1, 1),
(183, 213, 37, '2013-03-14 21:51:15', '2013-03-14 21:51:24', '17.00', 1, 1),
(185, 201, 27, '2013-03-14 22:00:09', '2013-03-14 22:00:31', '21.00', 1, 1);

-- --------------------------------------------------------

--
-- Table structure for table `quiz_attempt_question`
--

CREATE TABLE IF NOT EXISTS `quiz_attempt_question` (
  `quiz_attempt_question_id` int(11) NOT NULL AUTO_INCREMENT,
  `quiz_attempt_id` int(11) NOT NULL,
  `quiz_question_id` int(11) NOT NULL,
  `quiz_id` int(11) NOT NULL,
  `user_id` int(11) NOT NULL,
  `metadata` longblob,
  `graded` enum('done','incomplete','undone') NOT NULL DEFAULT 'undone',
  PRIMARY KEY (`quiz_attempt_question_id`)
) ENGINE=InnoDB  DEFAULT CHARSET=utf8 AUTO_INCREMENT=463 ;

--
-- Dumping data for table `quiz_attempt_question`
--

INSERT INTO `quiz_attempt_question` (`quiz_attempt_question_id`, `quiz_attempt_id`, `quiz_question_id`, `quiz_id`, `user_id`, `metadata`, `graded`) VALUES
(285, 143, 77, 195, 25, 0xaced00057372003b7175697a2e6d6f64656c2e5175657374696f6e526573706f6e7365245175657374696f6e526573706f6e73655175657374696f6e417474656d7074464750c57ee1c5910200024c0006616e737765727400124c6a6176612f6c616e672f537472696e673b4c000674686973243074001d4c7175697a2f6d6f64656c2f5175657374696f6e526573706f6e73653b7872002b7175697a2e6d6f64656c2e5175697a5175657374696f6e245175697a5175657374696f6e417474656d707470a46a633881823802000849000f7175697a5f617474656d70745f69644900187175697a5f617474656d70745f7175657374696f6e5f69644900077175697a5f69644900107175697a5f7175657374696f6e5f696444000573636f7265490007757365725f69644c00066772616465647400264c7175697a2f6d6f64656c2f5175697a5175657374696f6e417474656d70744772616465643b4c00067468697324307400194c7175697a2f6d6f64656c2f5175697a5175657374696f6e3b78700000008f0000011d000000c30000004d4024000000000000000000197e7200247175697a2e6d6f64656c2e5175697a5175657374696f6e417474656d707447726164656400000000000000001200007872000e6a6176612e6c616e672e456e756d00000000000000001200007870740004646f6e657372001b7175697a2e6d6f64656c2e5175657374696f6e526573706f6e7365d99ea4a564a102640200034c000f636f72726563745f616e737765727374000f4c6a6176612f7574696c2f4d61703b4c000e7175657374696f6e5f696d61676571007e00014c000d7175657374696f6e5f7465787471007e0001787200177175697a2e6d6f64656c2e5175697a5175657374696f6e4a33d125931916d60200034900077175697a5f69644900107175697a5f7175657374696f6e5f696449000a736f72745f6f726465727870000000c30000004d00000064737200116a6176612e7574696c2e486173684d61700507dac1c31660d103000246000a6c6f6164466163746f724900097468726573686f6c6478703f4000000000000c7708000000100000000174000842656e6564696374737200106a6176612e6c616e672e446f75626c6580b3c24a296bfb0402000144000576616c7565787200106a6176612e6c616e672e4e756d62657286ac951d0b94e08b020000787040240000000000007874000074001857686f206973207468652063757272656e7420706f70653f74000842656e656469637471007e000e, 'done'),
(287, 143, 79, 195, 25, 0xaced0005737200397175697a2e6d6f64656c2e46696c6c496e546865426c616e6b732446696c6c496e546865426c616e6b735175657374696f6e417474656d7074d4e81a3175c69f8b0200024c0006616e7377657274000f4c6a6176612f7574696c2f4d61703b4c000674686973243074001c4c7175697a2f6d6f64656c2f46696c6c496e546865426c616e6b733b7872002b7175697a2e6d6f64656c2e5175697a5175657374696f6e245175697a5175657374696f6e417474656d707470a46a633881823802000849000f7175697a5f617474656d70745f69644900187175697a5f617474656d70745f7175657374696f6e5f69644900077175697a5f69644900107175697a5f7175657374696f6e5f696444000573636f7265490007757365725f69644c00066772616465647400264c7175697a2f6d6f64656c2f5175697a5175657374696f6e417474656d70744772616465643b4c00067468697324307400194c7175697a2f6d6f64656c2f5175697a5175657374696f6e3b78700000008f0000011f000000c30000004f0000000000000000000000197e7200247175697a2e6d6f64656c2e5175697a5175657374696f6e417474656d707447726164656400000000000000001200007872000e6a6176612e6c616e672e456e756d0000000000000000120000787074000a696e636f6d706c6574657372001a7175697a2e6d6f64656c2e46696c6c496e546865426c616e6b73bea98131cce1af7f0200024c000f636f72726563745f616e73776572737400134c6a6176612f7574696c2f486173684d61703b4c000d7175657374696f6e5f746578747400124c6a6176612f6c616e672f537472696e673b787200177175697a2e6d6f64656c2e5175697a5175657374696f6e4a33d125931916d60200034900077175697a5f69644900107175697a5f7175657374696f6e5f696449000a736f72745f6f726465727870000000c30000004f000000c8737200116a6176612e7574696c2e486173684d61700507dac1c31660d103000246000a6c6f6164466163746f724900097468726573686f6c6478703f4000000000000c77080000001000000001737200116a6176612e6c616e672e496e746567657212e2a0a4f781873802000149000576616c7565787200106a6176612e6c616e672e4e756d62657286ac951d0b94e08b0200007870000000017371007e00103f4000000000000c77080000001000000003740003536f6e737200106a6176612e6c616e672e446f75626c6580b3c24a296bfb0402000144000576616c75657871007e0013400800000000000074000b486f6c79205370697269747371007e001740100000000000007400064661746865727371007e00174008000000000000787874003f546865207468726565207061727473206f6620746865205472696e6974792061726520746865205b315d20746865205b325d20616e6420746865205b335d2e7371007e00103f4000000000000c770800000010000000037371007e0012000000017400064661746865727371007e001200000002740003536f6e7371007e00120000000374000a686f6c792067686f73747871007e000f, 'incomplete'),
(289, 143, 83, 195, 25, 0xaced0005737200377175697a2e6d6f64656c2e4d756c7469706c6543686f696365244d756c7469706c6543686f6963655175657374696f6e417474656d7074d15b481610d7f0250200044c0006616e7377657274000f4c6a6176612f7574696c2f5365743b4c000f636f72726563745f6f7074696f6e7374000f4c6a6176612f7574696c2f4d61703b4c0011696e636f72726563745f6f7074696f6e7371007e00024c000674686973243074001b4c7175697a2f6d6f64656c2f4d756c7469706c6543686f6963653b7872002b7175697a2e6d6f64656c2e5175697a5175657374696f6e245175697a5175657374696f6e417474656d707470a46a633881823802000849000f7175697a5f617474656d70745f69644900187175697a5f617474656d70745f7175657374696f6e5f69644900077175697a5f69644900107175697a5f7175657374696f6e5f696444000573636f7265490007757365725f69644c00066772616465647400264c7175697a2f6d6f64656c2f5175697a5175657374696f6e417474656d70744772616465643b4c00067468697324307400194c7175697a2f6d6f64656c2f5175697a5175657374696f6e3b78700000008f00000121000000c3000000530000000000000000000000197e7200247175697a2e6d6f64656c2e5175697a5175657374696f6e417474656d707447726164656400000000000000001200007872000e6a6176612e6c616e672e456e756d0000000000000000120000787074000a696e636f6d706c657465737200197175697a2e6d6f64656c2e4d756c7469706c6543686f6963650bc4123134b2d2a702000649000f636f72726563745f76697369626c65490011696e636f72726563745f76697369626c655a000c6d756c74695f73656c6563744c000f636f72726563745f6f7074696f6e7371007e00024c0011696e636f72726563745f6f7074696f6e7371007e00024c000d7175657374696f6e5f746578747400124c6a6176612f6c616e672f537472696e673b787200177175697a2e6d6f64656c2e5175697a5175657374696f6e4a33d125931916d60200034900077175697a5f69644900107175697a5f7175657374696f6e5f696449000a736f72745f6f726465727870000000c3000000530000012c000000010000000300737200116a6176612e7574696c2e486173684d61700507dac1c31660d103000246000a6c6f6164466163746f724900097468726573686f6c6478703f4000000000000c77080000001000000001740003323536737200106a6176612e6c616e672e446f75626c6580b3c24a296bfb0402000144000576616c7565787200106a6176612e6c616e672e4e756d62657286ac951d0b94e08b02000078703ff0000000000000787371007e00103f4000000000000c770800000010000000037400033335327371007e001300000000000000007400033132337371007e001300000000000000007400033432317371007e001300000000000000007874001f486f77206d616e7920706f7065732068617665207468657265206265656e3f737200116a6176612e7574696c2e48617368536574ba44859596b8b7340300007870770c000000103f40000000000001740003333532787371007e00103f4000000000000c7708000000100000000171007e001271007e0015787371007e00103f4000000000000c7708000000100000000371007e001771007e001871007e001971007e001a71007e001b71007e001c7871007e000f, 'incomplete'),
(291, 145, 85, 197, 25, 0xaced00057372003b7175697a2e6d6f64656c2e5175657374696f6e526573706f6e7365245175657374696f6e526573706f6e73655175657374696f6e417474656d7074464750c57ee1c5910200024c0006616e737765727400124c6a6176612f6c616e672f537472696e673b4c000674686973243074001d4c7175697a2f6d6f64656c2f5175657374696f6e526573706f6e73653b7872002b7175697a2e6d6f64656c2e5175697a5175657374696f6e245175697a5175657374696f6e417474656d707470a46a633881823802000849000f7175697a5f617474656d70745f69644900187175697a5f617474656d70745f7175657374696f6e5f69644900077175697a5f69644900107175697a5f7175657374696f6e5f696444000573636f7265490007757365725f69644c00066772616465647400264c7175697a2f6d6f64656c2f5175697a5175657374696f6e417474656d70744772616465643b4c00067468697324307400194c7175697a2f6d6f64656c2f5175697a5175657374696f6e3b78700000009100000123000000c5000000550000000000000000000000197e7200247175697a2e6d6f64656c2e5175697a5175657374696f6e417474656d707447726164656400000000000000001200007872000e6a6176612e6c616e672e456e756d00000000000000001200007870740004646f6e657372001b7175697a2e6d6f64656c2e5175657374696f6e526573706f6e7365d99ea4a564a102640200034c000f636f72726563745f616e737765727374000f4c6a6176612f7574696c2f4d61703b4c000e7175657374696f6e5f696d61676571007e00014c000d7175657374696f6e5f7465787471007e0001787200177175697a2e6d6f64656c2e5175697a5175657374696f6e4a33d125931916d60200034900077175697a5f69644900107175697a5f7175657374696f6e5f696449000a736f72745f6f726465727870000000c50000005500000064737200116a6176612e7574696c2e486173684d61700507dac1c31660d103000246000a6c6f6164466163746f724900097468726573686f6c6478703f4000000000000c7708000000100000000274000764796e616d6963737200106a6176612e6c616e672e446f75626c6580b3c24a296bfb0402000144000576616c7565787200106a6176612e6c616e672e4e756d62657286ac951d0b94e08b0200007870402400000000000074001264796e616d6963206d6963726f70686f6e657371007e0012402400000000000078740000740031576861742074797065206f66206d6963726f70686f6e65206861732061206d6f76696e6720636f696c20696e736964653f74000f416e20656c656374726963206f6e6571007e000e, 'done'),
(293, 145, 87, 197, 25, 0xaced00057372003b7175697a2e6d6f64656c2e5175657374696f6e526573706f6e7365245175657374696f6e526573706f6e73655175657374696f6e417474656d7074464750c57ee1c5910200024c0006616e737765727400124c6a6176612f6c616e672f537472696e673b4c000674686973243074001d4c7175697a2f6d6f64656c2f5175657374696f6e526573706f6e73653b7872002b7175697a2e6d6f64656c2e5175697a5175657374696f6e245175697a5175657374696f6e417474656d707470a46a633881823802000849000f7175697a5f617474656d70745f69644900187175697a5f617474656d70745f7175657374696f6e5f69644900077175697a5f69644900107175697a5f7175657374696f6e5f696444000573636f7265490007757365725f69644c00066772616465647400264c7175697a2f6d6f64656c2f5175697a5175657374696f6e417474656d70744772616465643b4c00067468697324307400194c7175697a2f6d6f64656c2f5175697a5175657374696f6e3b78700000009100000125000000c5000000570000000000000000000000197e7200247175697a2e6d6f64656c2e5175697a5175657374696f6e417474656d707447726164656400000000000000001200007872000e6a6176612e6c616e672e456e756d00000000000000001200007870740004646f6e657372001b7175697a2e6d6f64656c2e5175657374696f6e526573706f6e7365d99ea4a564a102640200034c000f636f72726563745f616e737765727374000f4c6a6176612f7574696c2f4d61703b4c000e7175657374696f6e5f696d61676571007e00014c000d7175657374696f6e5f7465787471007e0001787200177175697a2e6d6f64656c2e5175697a5175657374696f6e4a33d125931916d60200034900077175697a5f69644900107175697a5f7175657374696f6e5f696449000a736f72745f6f726465727870000000c500000057000000c8737200116a6176612e7574696c2e486173684d61700507dac1c31660d103000246000a6c6f6164466163746f724900097468726573686f6c6478703f4000000000000c770800000010000000027400055368757265737200106a6176612e6c616e672e446f75626c6580b3c24a296bfb0402000144000576616c7565787200106a6176612e6c616e672e4e756d62657286ac951d0b94e08b0200007870402400000000000074000e53687572652042726f74686572737371007e001240240000000000007874007c687474703a2f2f35356435333430613034336138323838353665312d66363264653237616635393962623637303365313162343732626561646263632e7232382e6366322e7261636b63646e2e636f6d2f70726f647563742f6d61696e5f696d6167652f333931302f70726f645f696d675f736d35375f6c2e6a706774002a5768617420636f6d70616e79206d616e7566616374757265732074686973206d6963726f70686f6e653f740004536f6e7971007e000e, 'done'),
(295, 145, 89, 197, 25, 0xaced00057372003b7175697a2e6d6f64656c2e5175657374696f6e526573706f6e7365245175657374696f6e526573706f6e73655175657374696f6e417474656d7074464750c57ee1c5910200024c0006616e737765727400124c6a6176612f6c616e672f537472696e673b4c000674686973243074001d4c7175697a2f6d6f64656c2f5175657374696f6e526573706f6e73653b7872002b7175697a2e6d6f64656c2e5175697a5175657374696f6e245175697a5175657374696f6e417474656d707470a46a633881823802000849000f7175697a5f617474656d70745f69644900187175697a5f617474656d70745f7175657374696f6e5f69644900077175697a5f69644900107175697a5f7175657374696f6e5f696444000573636f7265490007757365725f69644c00066772616465647400264c7175697a2f6d6f64656c2f5175697a5175657374696f6e417474656d70744772616465643b4c00067468697324307400194c7175697a2f6d6f64656c2f5175697a5175657374696f6e3b78700000009100000127000000c5000000590000000000000000000000197e7200247175697a2e6d6f64656c2e5175697a5175657374696f6e417474656d707447726164656400000000000000001200007872000e6a6176612e6c616e672e456e756d00000000000000001200007870740004646f6e657372001b7175697a2e6d6f64656c2e5175657374696f6e526573706f6e7365d99ea4a564a102640200034c000f636f72726563745f616e737765727374000f4c6a6176612f7574696c2f4d61703b4c000e7175657374696f6e5f696d61676571007e00014c000d7175657374696f6e5f7465787471007e0001787200177175697a2e6d6f64656c2e5175697a5175657374696f6e4a33d125931916d60200034900077175697a5f69644900107175697a5f7175657374696f6e5f696449000a736f72745f6f726465727870000000c5000000590000012c737200116a6176612e7574696c2e486173684d61700507dac1c31660d103000246000a6c6f6164466163746f724900097468726573686f6c6478703f4000000000000c7708000000100000000174000763617264696f64737200106a6176612e6c616e672e446f75626c6580b3c24a296bfb0402000144000576616c7565787200106a6176612e6c616e672e4e756d62657286ac951d0b94e08b020000787040240000000000007874004b687474703a2f2f7777772e65646d656469612e636f6d2e61752f73697465732f64656661756c742f66696c65732f696d616765732f61727469636c65732f63617264696f69642e6a70656774001d57686174207370617469616c207061747465726e20697320746869733f74000843617264696f696471007e000e, 'done'),
(297, 145, 91, 197, 25, 0xaced0005737200377175697a2e6d6f64656c2e4d756c7469706c6543686f696365244d756c7469706c6543686f6963655175657374696f6e417474656d7074d15b481610d7f0250200044c0006616e7377657274000f4c6a6176612f7574696c2f5365743b4c000f636f72726563745f6f7074696f6e7374000f4c6a6176612f7574696c2f4d61703b4c0011696e636f72726563745f6f7074696f6e7371007e00024c000674686973243074001b4c7175697a2f6d6f64656c2f4d756c7469706c6543686f6963653b7872002b7175697a2e6d6f64656c2e5175697a5175657374696f6e245175697a5175657374696f6e417474656d707470a46a633881823802000849000f7175697a5f617474656d70745f69644900187175697a5f617474656d70745f7175657374696f6e5f69644900077175697a5f69644900107175697a5f7175657374696f6e5f696444000573636f7265490007757365725f69644c00066772616465647400264c7175697a2f6d6f64656c2f5175697a5175657374696f6e417474656d70744772616465643b4c00067468697324307400194c7175697a2f6d6f64656c2f5175697a5175657374696f6e3b78700000009100000129000000c50000005b0000000000000000000000197e7200247175697a2e6d6f64656c2e5175697a5175657374696f6e417474656d707447726164656400000000000000001200007872000e6a6176612e6c616e672e456e756d00000000000000001200007870740004646f6e65737200197175697a2e6d6f64656c2e4d756c7469706c6543686f6963650bc4123134b2d2a702000649000f636f72726563745f76697369626c65490011696e636f72726563745f76697369626c655a000c6d756c74695f73656c6563744c000f636f72726563745f6f7074696f6e7371007e00024c0011696e636f72726563745f6f7074696f6e7371007e00024c000d7175657374696f6e5f746578747400124c6a6176612f6c616e672f537472696e673b787200177175697a2e6d6f64656c2e5175697a5175657374696f6e4a33d125931916d60200034900077175697a5f69644900107175697a5f7175657374696f6e5f696449000a736f72745f6f726465727870000000c50000005b00000190000000010000000300737200116a6176612e7574696c2e486173684d61700507dac1c31660d103000246000a6c6f6164466163746f724900097468726573686f6c6478703f4000000000000c77080000001000000002740004514c6162737200106a6176612e6c616e672e446f75626c6580b3c24a296bfb0402000144000576616c7565787200106a6176612e6c616e672e4e756d62657286ac951d0b94e08b02000078704024000000000000740007496d70726573737371007e00134024000000000000787371007e00103f4000000000000c770800000010000000057400054c6f6769637371007e001300000000000000007400065265617065727371007e001300000000000000007400084175646974696f6e7371007e0013000000000000000074000950726f20546f6f6c737371007e0013000000000000000074000c41626c65746f6e204c6976657371007e00130000000000000000787400295768696368206973206e6f742061206469676974616c20617564696f20776f726b73746174696f6e3f737200116a6176612e7574696c2e48617368536574ba44859596b8b7340300007870770c000000103f400000000000017400054c6f676963787371007e00103f4000000000000c7708000000100000000171007e001271007e0015787371007e00103f4000000000000c7708000000100000000371007e001971007e001a71007e001d71007e001e71007e001f71007e00207871007e000f, 'done'),
(299, 147, 101, 201, 25, 0xaced00057372003b7175697a2e6d6f64656c2e5175657374696f6e526573706f6e7365245175657374696f6e526573706f6e73655175657374696f6e417474656d7074464750c57ee1c5910200024c0006616e737765727400124c6a6176612f6c616e672f537472696e673b4c000674686973243074001d4c7175697a2f6d6f64656c2f5175657374696f6e526573706f6e73653b7872002b7175697a2e6d6f64656c2e5175697a5175657374696f6e245175697a5175657374696f6e417474656d707470a46a633881823802000849000f7175697a5f617474656d70745f69644900187175697a5f617474656d70745f7175657374696f6e5f69644900077175697a5f69644900107175697a5f7175657374696f6e5f696444000573636f7265490007757365725f69644c00066772616465647400264c7175697a2f6d6f64656c2f5175697a5175657374696f6e417474656d70744772616465643b4c00067468697324307400194c7175697a2f6d6f64656c2f5175697a5175657374696f6e3b7870000000930000012b000000c9000000654014000000000000000000197e7200247175697a2e6d6f64656c2e5175697a5175657374696f6e417474656d707447726164656400000000000000001200007872000e6a6176612e6c616e672e456e756d00000000000000001200007870740004646f6e657372001b7175697a2e6d6f64656c2e5175657374696f6e526573706f6e7365d99ea4a564a102640200034c000f636f72726563745f616e737765727374000f4c6a6176612f7574696c2f4d61703b4c000e7175657374696f6e5f696d61676571007e00014c000d7175657374696f6e5f7465787471007e0001787200177175697a2e6d6f64656c2e5175697a5175657374696f6e4a33d125931916d60200034900077175697a5f69644900107175697a5f7175657374696f6e5f696449000a736f72745f6f726465727870000000c90000006500000064737200116a6176612e7574696c2e486173684d61700507dac1c31660d103000246000a6c6f6164466163746f724900097468726573686f6c6478703f4000000000000c7708000000100000000174000d6d616e676f2070756464696e67737200106a6176612e6c616e672e446f75626c6580b3c24a296bfb0402000144000576616c7565787200106a6176612e6c616e672e4e756d62657286ac951d0b94e08b020000787040140000000000007874006a68747470733a2f2f656e637279707465642d74626e312e677374617469632e636f6d2f696d616765733f713d74626e3a414e643947635458796b47666a514d523573675f314977774b4a4176532d72534173414b4f72416b64327674626378785f4448514d455631695174000d5768617420697320746869733f74000d6d616e676f2070756464696e6771007e000e, 'done'),
(301, 147, 103, 201, 25, 0xaced00057372003b7175697a2e6d6f64656c2e5175657374696f6e526573706f6e7365245175657374696f6e526573706f6e73655175657374696f6e417474656d7074464750c57ee1c5910200024c0006616e737765727400124c6a6176612f6c616e672f537472696e673b4c000674686973243074001d4c7175697a2f6d6f64656c2f5175657374696f6e526573706f6e73653b7872002b7175697a2e6d6f64656c2e5175697a5175657374696f6e245175697a5175657374696f6e417474656d707470a46a633881823802000849000f7175697a5f617474656d70745f69644900187175697a5f617474656d70745f7175657374696f6e5f69644900077175697a5f69644900107175697a5f7175657374696f6e5f696444000573636f7265490007757365725f69644c00066772616465647400264c7175697a2f6d6f64656c2f5175697a5175657374696f6e417474656d70744772616465643b4c00067468697324307400194c7175697a2f6d6f64656c2f5175697a5175657374696f6e3b7870000000930000012d000000c9000000670000000000000000000000197e7200247175697a2e6d6f64656c2e5175697a5175657374696f6e417474656d707447726164656400000000000000001200007872000e6a6176612e6c616e672e456e756d00000000000000001200007870740004646f6e657372001b7175697a2e6d6f64656c2e5175657374696f6e526573706f6e7365d99ea4a564a102640200034c000f636f72726563745f616e737765727374000f4c6a6176612f7574696c2f4d61703b4c000e7175657374696f6e5f696d61676571007e00014c000d7175657374696f6e5f7465787471007e0001787200177175697a2e6d6f64656c2e5175697a5175657374696f6e4a33d125931916d60200034900077175697a5f69644900107175697a5f7175657374696f6e5f696449000a736f72745f6f726465727870000000c900000067000000c8737200116a6176612e7574696c2e486173684d61700507dac1c31660d103000246000a6c6f6164466163746f724900097468726573686f6c6478703f4000000000000c7708000000100000000274000b74726573206c6563686573737200106a6176612e6c616e672e446f75626c6580b3c24a296bfb0402000144000576616c7565787200106a6176612e6c616e672e4e756d62657286ac951d0b94e08b0200007870401c0000000000007400066c65636865737371007e001240140000000000007874005a687474703a2f2f696d67342d322e6d79726563697065732e74696d65696e632e6e65742f692f726563697065732f73752f30333134323030382f747265736c65636865732d63616b652d73752d313631313632372d6c2e6a706774001a57686174206b696e64206f662063616b6520697320746869733f740014737472617762657272792073686f727463616b6571007e000e, 'done'),
(303, 147, 109, 201, 25, 0xaced00057372003b7175697a2e6d6f64656c2e5175657374696f6e526573706f6e7365245175657374696f6e526573706f6e73655175657374696f6e417474656d7074464750c57ee1c5910200024c0006616e737765727400124c6a6176612f6c616e672f537472696e673b4c000674686973243074001d4c7175697a2f6d6f64656c2f5175657374696f6e526573706f6e73653b7872002b7175697a2e6d6f64656c2e5175697a5175657374696f6e245175697a5175657374696f6e417474656d707470a46a633881823802000849000f7175697a5f617474656d70745f69644900187175697a5f617474656d70745f7175657374696f6e5f69644900077175697a5f69644900107175697a5f7175657374696f6e5f696444000573636f7265490007757365725f69644c00066772616465647400264c7175697a2f6d6f64656c2f5175697a5175657374696f6e417474656d70744772616465643b4c00067468697324307400194c7175697a2f6d6f64656c2f5175697a5175657374696f6e3b7870000000930000012f000000c90000006d4022000000000000000000197e7200247175697a2e6d6f64656c2e5175697a5175657374696f6e417474656d707447726164656400000000000000001200007872000e6a6176612e6c616e672e456e756d00000000000000001200007870740004646f6e657372001b7175697a2e6d6f64656c2e5175657374696f6e526573706f6e7365d99ea4a564a102640200034c000f636f72726563745f616e737765727374000f4c6a6176612f7574696c2f4d61703b4c000e7175657374696f6e5f696d61676571007e00014c000d7175657374696f6e5f7465787471007e0001787200177175697a2e6d6f64656c2e5175697a5175657374696f6e4a33d125931916d60200034900077175697a5f69644900107175697a5f7175657374696f6e5f696449000a736f72745f6f726465727870000000c90000006d0000012c737200116a6176612e7574696c2e486173684d61700507dac1c31660d103000246000a6c6f6164466163746f724900097468726573686f6c6478703f4000000000000c7708000000100000000174000a73686176656420696365737200106a6176612e6c616e672e446f75626c6580b3c24a296bfb0402000144000576616c7565787200106a6176612e6c616e672e4e756d62657286ac951d0b94e08b020000787040220000000000007874003a687474703a2f2f63646e2e626967676573746d656e752e636f6d2f30302f30302f61342f313134393261623664623933343830635f6d2e6a706774001557686174206465737365727420697320746869733f74000a7368617665642069636571007e000e, 'done'),
(321, 153, 77, 195, 27, 0xaced00057372003b7175697a2e6d6f64656c2e5175657374696f6e526573706f6e7365245175657374696f6e526573706f6e73655175657374696f6e417474656d7074464750c57ee1c5910200024c0006616e737765727400124c6a6176612f6c616e672f537472696e673b4c000674686973243074001d4c7175697a2f6d6f64656c2f5175657374696f6e526573706f6e73653b7872002b7175697a2e6d6f64656c2e5175697a5175657374696f6e245175697a5175657374696f6e417474656d707470a46a633881823802000849000f7175697a5f617474656d70745f69644900187175697a5f617474656d70745f7175657374696f6e5f69644900077175697a5f69644900107175697a5f7175657374696f6e5f696444000573636f7265490007757365725f69644c00066772616465647400264c7175697a2f6d6f64656c2f5175697a5175657374696f6e417474656d70744772616465643b4c00067468697324307400194c7175697a2f6d6f64656c2f5175697a5175657374696f6e3b78700000009900000141000000c30000004d40240000000000000000001b7e7200247175697a2e6d6f64656c2e5175697a5175657374696f6e417474656d707447726164656400000000000000001200007872000e6a6176612e6c616e672e456e756d00000000000000001200007870740004646f6e657372001b7175697a2e6d6f64656c2e5175657374696f6e526573706f6e7365d99ea4a564a102640200034c000f636f72726563745f616e737765727374000f4c6a6176612f7574696c2f4d61703b4c000e7175657374696f6e5f696d61676571007e00014c000d7175657374696f6e5f7465787471007e0001787200177175697a2e6d6f64656c2e5175697a5175657374696f6e4a33d125931916d60200034900077175697a5f69644900107175697a5f7175657374696f6e5f696449000a736f72745f6f726465727870000000c30000004d00000064737200116a6176612e7574696c2e486173684d61700507dac1c31660d103000246000a6c6f6164466163746f724900097468726573686f6c6478703f4000000000000c7708000000100000000174000842656e6564696374737200106a6176612e6c616e672e446f75626c6580b3c24a296bfb0402000144000576616c7565787200106a6176612e6c616e672e4e756d62657286ac951d0b94e08b020000787040240000000000007874000074001857686f206973207468652063757272656e7420706f70653f74000842656e656469637471007e000e, 'done'),
(323, 153, 79, 195, 27, 0xaced0005737200397175697a2e6d6f64656c2e46696c6c496e546865426c616e6b732446696c6c496e546865426c616e6b735175657374696f6e417474656d7074d4e81a3175c69f8b0200024c0006616e7377657274000f4c6a6176612f7574696c2f4d61703b4c000674686973243074001c4c7175697a2f6d6f64656c2f46696c6c496e546865426c616e6b733b7872002b7175697a2e6d6f64656c2e5175697a5175657374696f6e245175697a5175657374696f6e417474656d707470a46a633881823802000849000f7175697a5f617474656d70745f69644900187175697a5f617474656d70745f7175657374696f6e5f69644900077175697a5f69644900107175697a5f7175657374696f6e5f696444000573636f7265490007757365725f69644c00066772616465647400264c7175697a2f6d6f64656c2f5175697a5175657374696f6e417474656d70744772616465643b4c00067468697324307400194c7175697a2f6d6f64656c2f5175697a5175657374696f6e3b78700000009900000143000000c30000004f00000000000000000000001b7e7200247175697a2e6d6f64656c2e5175697a5175657374696f6e417474656d707447726164656400000000000000001200007872000e6a6176612e6c616e672e456e756d0000000000000000120000787074000a696e636f6d706c6574657372001a7175697a2e6d6f64656c2e46696c6c496e546865426c616e6b73bea98131cce1af7f0200024c000f636f72726563745f616e73776572737400134c6a6176612f7574696c2f486173684d61703b4c000d7175657374696f6e5f746578747400124c6a6176612f6c616e672f537472696e673b787200177175697a2e6d6f64656c2e5175697a5175657374696f6e4a33d125931916d60200034900077175697a5f69644900107175697a5f7175657374696f6e5f696449000a736f72745f6f726465727870000000c30000004f000000c8737200116a6176612e7574696c2e486173684d61700507dac1c31660d103000246000a6c6f6164466163746f724900097468726573686f6c6478703f4000000000000c77080000001000000001737200116a6176612e6c616e672e496e746567657212e2a0a4f781873802000149000576616c7565787200106a6176612e6c616e672e4e756d62657286ac951d0b94e08b0200007870000000017371007e00103f4000000000000c77080000001000000003740003536f6e737200106a6176612e6c616e672e446f75626c6580b3c24a296bfb0402000144000576616c75657871007e0013400800000000000074000b486f6c79205370697269747371007e001740100000000000007400064661746865727371007e00174008000000000000787874003f546865207468726565207061727473206f6620746865205472696e6974792061726520746865205b315d20746865205b325d20616e6420746865205b335d2e7371007e00103f4000000000000c770800000010000000037371007e0012000000017400064661746865727371007e001200000002740003536f6e7371007e00120000000374000a486f6c792047686f73747871007e000f, 'incomplete'),
(325, 153, 83, 195, 27, 0xaced0005737200377175697a2e6d6f64656c2e4d756c7469706c6543686f696365244d756c7469706c6543686f6963655175657374696f6e417474656d7074d15b481610d7f0250200044c0006616e7377657274000f4c6a6176612f7574696c2f5365743b4c000f636f72726563745f6f7074696f6e7374000f4c6a6176612f7574696c2f4d61703b4c0011696e636f72726563745f6f7074696f6e7371007e00024c000674686973243074001b4c7175697a2f6d6f64656c2f4d756c7469706c6543686f6963653b7872002b7175697a2e6d6f64656c2e5175697a5175657374696f6e245175697a5175657374696f6e417474656d707470a46a633881823802000849000f7175697a5f617474656d70745f69644900187175697a5f617474656d70745f7175657374696f6e5f69644900077175697a5f69644900107175697a5f7175657374696f6e5f696444000573636f7265490007757365725f69644c00066772616465647400264c7175697a2f6d6f64656c2f5175697a5175657374696f6e417474656d70744772616465643b4c00067468697324307400194c7175697a2f6d6f64656c2f5175697a5175657374696f6e3b78700000009900000145000000c3000000533ff00000000000000000001b7e7200247175697a2e6d6f64656c2e5175697a5175657374696f6e417474656d707447726164656400000000000000001200007872000e6a6176612e6c616e672e456e756d00000000000000001200007870740004646f6e65737200197175697a2e6d6f64656c2e4d756c7469706c6543686f6963650bc4123134b2d2a702000649000f636f72726563745f76697369626c65490011696e636f72726563745f76697369626c655a000c6d756c74695f73656c6563744c000f636f72726563745f6f7074696f6e7371007e00024c0011696e636f72726563745f6f7074696f6e7371007e00024c000d7175657374696f6e5f746578747400124c6a6176612f6c616e672f537472696e673b787200177175697a2e6d6f64656c2e5175697a5175657374696f6e4a33d125931916d60200034900077175697a5f69644900107175697a5f7175657374696f6e5f696449000a736f72745f6f726465727870000000c3000000530000012c000000010000000300737200116a6176612e7574696c2e486173684d61700507dac1c31660d103000246000a6c6f6164466163746f724900097468726573686f6c6478703f4000000000000c77080000001000000001740003323536737200106a6176612e6c616e672e446f75626c6580b3c24a296bfb0402000144000576616c7565787200106a6176612e6c616e672e4e756d62657286ac951d0b94e08b02000078703ff0000000000000787371007e00103f4000000000000c770800000010000000037400033335327371007e001300000000000000007400033132337371007e001300000000000000007400033432317371007e001300000000000000007874001f486f77206d616e7920706f7065732068617665207468657265206265656e3f737200116a6176612e7574696c2e48617368536574ba44859596b8b7340300007870770c000000103f40000000000001740003323536787371007e00103f4000000000000c7708000000100000000171007e001271007e0015787371007e00103f4000000000000c7708000000100000000371007e001771007e001871007e001971007e001a71007e001b71007e001c7871007e000f, 'done'),
(333, 157, 77, 195, 37, 0xaced00057372003b7175697a2e6d6f64656c2e5175657374696f6e526573706f6e7365245175657374696f6e526573706f6e73655175657374696f6e417474656d7074464750c57ee1c5910200024c0006616e737765727400124c6a6176612f6c616e672f537472696e673b4c000674686973243074001d4c7175697a2f6d6f64656c2f5175657374696f6e526573706f6e73653b7872002b7175697a2e6d6f64656c2e5175697a5175657374696f6e245175697a5175657374696f6e417474656d707470a46a633881823802000849000f7175697a5f617474656d70745f69644900187175697a5f617474656d70745f7175657374696f6e5f69644900077175697a5f69644900107175697a5f7175657374696f6e5f696444000573636f7265490007757365725f69644c00066772616465647400264c7175697a2f6d6f64656c2f5175697a5175657374696f6e417474656d70744772616465643b4c00067468697324307400194c7175697a2f6d6f64656c2f5175697a5175657374696f6e3b78700000009d0000014d000000c30000004d0000000000000000000000257e7200247175697a2e6d6f64656c2e5175697a5175657374696f6e417474656d707447726164656400000000000000001200007872000e6a6176612e6c616e672e456e756d00000000000000001200007870740004646f6e657372001b7175697a2e6d6f64656c2e5175657374696f6e526573706f6e7365d99ea4a564a102640200034c000f636f72726563745f616e737765727374000f4c6a6176612f7574696c2f4d61703b4c000e7175657374696f6e5f696d61676571007e00014c000d7175657374696f6e5f7465787471007e0001787200177175697a2e6d6f64656c2e5175697a5175657374696f6e4a33d125931916d60200034900077175697a5f69644900107175697a5f7175657374696f6e5f696449000a736f72745f6f726465727870000000c30000004d00000064737200116a6176612e7574696c2e486173684d61700507dac1c31660d103000246000a6c6f6164466163746f724900097468726573686f6c6478703f4000000000000c7708000000100000000174000842656e6564696374737200106a6176612e6c616e672e446f75626c6580b3c24a296bfb0402000144000576616c7565787200106a6176612e6c616e672e4e756d62657286ac951d0b94e08b020000787040240000000000007874000074001857686f206973207468652063757272656e7420706f70653f7400074672616e63697371007e000e, 'done'),
(335, 157, 83, 195, 37, 0xaced0005737200377175697a2e6d6f64656c2e4d756c7469706c6543686f696365244d756c7469706c6543686f6963655175657374696f6e417474656d7074d15b481610d7f0250200044c0006616e7377657274000f4c6a6176612f7574696c2f5365743b4c000f636f72726563745f6f7074696f6e7374000f4c6a6176612f7574696c2f4d61703b4c0011696e636f72726563745f6f7074696f6e7371007e00024c000674686973243074001b4c7175697a2f6d6f64656c2f4d756c7469706c6543686f6963653b7872002b7175697a2e6d6f64656c2e5175697a5175657374696f6e245175697a5175657374696f6e417474656d707470a46a633881823802000849000f7175697a5f617474656d70745f69644900187175697a5f617474656d70745f7175657374696f6e5f69644900077175697a5f69644900107175697a5f7175657374696f6e5f696444000573636f7265490007757365725f69644c00066772616465647400264c7175697a2f6d6f64656c2f5175697a5175657374696f6e417474656d70744772616465643b4c00067468697324307400194c7175697a2f6d6f64656c2f5175697a5175657374696f6e3b78700000009d0000014f000000c3000000533ff0000000000000000000257e7200247175697a2e6d6f64656c2e5175697a5175657374696f6e417474656d707447726164656400000000000000001200007872000e6a6176612e6c616e672e456e756d00000000000000001200007870740004646f6e65737200197175697a2e6d6f64656c2e4d756c7469706c6543686f6963650bc4123134b2d2a702000649000f636f72726563745f76697369626c65490011696e636f72726563745f76697369626c655a000c6d756c74695f73656c6563744c000f636f72726563745f6f7074696f6e7371007e00024c0011696e636f72726563745f6f7074696f6e7371007e00024c000d7175657374696f6e5f746578747400124c6a6176612f6c616e672f537472696e673b787200177175697a2e6d6f64656c2e5175697a5175657374696f6e4a33d125931916d60200034900077175697a5f69644900107175697a5f7175657374696f6e5f696449000a736f72745f6f726465727870000000c3000000530000012c000000010000000300737200116a6176612e7574696c2e486173684d61700507dac1c31660d103000246000a6c6f6164466163746f724900097468726573686f6c6478703f4000000000000c77080000001000000001740003323536737200106a6176612e6c616e672e446f75626c6580b3c24a296bfb0402000144000576616c7565787200106a6176612e6c616e672e4e756d62657286ac951d0b94e08b02000078703ff0000000000000787371007e00103f4000000000000c770800000010000000037400033335327371007e001300000000000000007400033132337371007e001300000000000000007400033432317371007e001300000000000000007874001f486f77206d616e7920706f7065732068617665207468657265206265656e3f737200116a6176612e7574696c2e48617368536574ba44859596b8b7340300007870770c000000103f40000000000001740003323536787371007e00103f4000000000000c7708000000100000000171007e001271007e0015787371007e00103f4000000000000c7708000000100000000371007e001771007e001871007e001971007e001a71007e001b71007e001c7871007e000f, 'done'),
(337, 157, 129, 195, 37, 0xaced0005737200397175697a2e6d6f64656c2e46696c6c496e546865426c616e6b732446696c6c496e546865426c616e6b735175657374696f6e417474656d7074d4e81a3175c69f8b0200024c0006616e7377657274000f4c6a6176612f7574696c2f4d61703b4c000674686973243074001c4c7175697a2f6d6f64656c2f46696c6c496e546865426c616e6b733b7872002b7175697a2e6d6f64656c2e5175697a5175657374696f6e245175697a5175657374696f6e417474656d707470a46a633881823802000849000f7175697a5f617474656d70745f69644900187175697a5f617474656d70745f7175657374696f6e5f69644900077175697a5f69644900107175697a5f7175657374696f6e5f696444000573636f7265490007757365725f69644c00066772616465647400264c7175697a2f6d6f64656c2f5175697a5175657374696f6e417474656d70744772616465643b4c00067468697324307400194c7175697a2f6d6f64656c2f5175697a5175657374696f6e3b78700000009d00000151000000c3000000813ff0000000000000000000257e7200247175697a2e6d6f64656c2e5175697a5175657374696f6e417474656d707447726164656400000000000000001200007872000e6a6176612e6c616e672e456e756d00000000000000001200007870740004646f6e657372001a7175697a2e6d6f64656c2e46696c6c496e546865426c616e6b73bea98131cce1af7f0200024c000f636f72726563745f616e73776572737400134c6a6176612f7574696c2f486173684d61703b4c000d7175657374696f6e5f746578747400124c6a6176612f6c616e672f537472696e673b787200177175697a2e6d6f64656c2e5175697a5175657374696f6e4a33d125931916d60200034900077175697a5f69644900107175697a5f7175657374696f6e5f696449000a736f72745f6f726465727870000000c30000008100000190737200116a6176612e7574696c2e486173684d61700507dac1c31660d103000246000a6c6f6164466163746f724900097468726573686f6c6478703f4000000000000c77080000001000000003737200116a6176612e6c616e672e496e746567657212e2a0a4f781873802000149000576616c7565787200106a6176612e6c616e672e4e756d62657286ac951d0b94e08b0200007870000000017371007e00103f4000000000000c7708000000100000000374000a486f6c792047686f7374737200106a6176612e6c616e672e446f75626c6580b3c24a296bfb0402000144000576616c75657871007e00133ff0000000000000740003536f6e7371007e00173ff00000000000007400064661746865727371007e00173ff0000000000000787371007e0012000000027371007e00103f4000000000000c77080000001000000000787371007e0012000000037371007e00103f4000000000000c770800000010000000007878740036546865205472696e69747920636f6e7369737473206f6620746865205b315d2c20746865205b325d2c20616e6420746865205b335d2e7371007e00103f4000000000000c770800000010000000037371007e0012000000017400064661746865727371007e001200000002740003536f6e7371007e00120000000374000a486f6c792047686f73747871007e000f, 'done'),
(365, 165, 127, 203, 37, 0xaced00057372003b7175697a2e6d6f64656c2e5175657374696f6e526573706f6e7365245175657374696f6e526573706f6e73655175657374696f6e417474656d7074464750c57ee1c5910200024c0006616e737765727400124c6a6176612f6c616e672f537472696e673b4c000674686973243074001d4c7175697a2f6d6f64656c2f5175657374696f6e526573706f6e73653b7872002b7175697a2e6d6f64656c2e5175697a5175657374696f6e245175697a5175657374696f6e417474656d707470a46a633881823802000849000f7175697a5f617474656d70745f69644900187175697a5f617474656d70745f7175657374696f6e5f69644900077175697a5f69644900107175697a5f7175657374696f6e5f696444000573636f7265490007757365725f69644c00066772616465647400264c7175697a2f6d6f64656c2f5175697a5175657374696f6e417474656d70744772616465643b4c00067468697324307400194c7175697a2f6d6f64656c2f5175697a5175657374696f6e3b7870000000a50000016d000000cb0000007f0000000000000000000000257e7200247175697a2e6d6f64656c2e5175697a5175657374696f6e417474656d707447726164656400000000000000001200007872000e6a6176612e6c616e672e456e756d00000000000000001200007870740004646f6e657372001b7175697a2e6d6f64656c2e5175657374696f6e526573706f6e7365d99ea4a564a102640200034c000f636f72726563745f616e737765727374000f4c6a6176612f7574696c2f4d61703b4c000e7175657374696f6e5f696d61676571007e00014c000d7175657374696f6e5f7465787471007e0001787200177175697a2e6d6f64656c2e5175697a5175657374696f6e4a33d125931916d60200034900077175697a5f69644900107175697a5f7175657374696f6e5f696449000a736f72745f6f726465727870000000cb0000007f00000064737200116a6176612e7574696c2e486173684d61700507dac1c31660d103000246000a6c6f6164466163746f724900097468726573686f6c6478703f4000000000000c7708000000100000000078740000740011556e7469746c6564205175657374696f6e74000f556e7469746c656420416e7377657271007e000e, 'done'),
(403, 177, 143, 213, 29, 0xaced00057372003b7175697a2e6d6f64656c2e5175657374696f6e526573706f6e7365245175657374696f6e526573706f6e73655175657374696f6e417474656d7074464750c57ee1c5910200024c0006616e737765727400124c6a6176612f6c616e672f537472696e673b4c000674686973243074001d4c7175697a2f6d6f64656c2f5175657374696f6e526573706f6e73653b7872002b7175697a2e6d6f64656c2e5175697a5175657374696f6e245175697a5175657374696f6e417474656d707470a46a633881823802000849000f7175697a5f617474656d70745f69644900187175697a5f617474656d70745f7175657374696f6e5f69644900077175697a5f69644900107175697a5f7175657374696f6e5f696444000573636f7265490007757365725f69644c00066772616465647400264c7175697a2f6d6f64656c2f5175697a5175657374696f6e417474656d70744772616465643b4c00067468697324307400194c7175697a2f6d6f64656c2f5175697a5175657374696f6e3b7870000000b100000193000000d50000008f00000000000000000000001d7e7200247175697a2e6d6f64656c2e5175697a5175657374696f6e417474656d707447726164656400000000000000001200007872000e6a6176612e6c616e672e456e756d00000000000000001200007870740004646f6e657372001b7175697a2e6d6f64656c2e5175657374696f6e526573706f6e7365d99ea4a564a102640200034c000f636f72726563745f616e737765727374000f4c6a6176612f7574696c2f4d61703b4c000e7175657374696f6e5f696d61676571007e00014c000d7175657374696f6e5f7465787471007e0001787200177175697a2e6d6f64656c2e5175697a5175657374696f6e4a33d125931916d60200034900077175697a5f69644900107175697a5f7175657374696f6e5f696449000a736f72745f6f726465727870000000d50000008f00000064737200116a6176612e7574696c2e486173684d61700507dac1c31660d103000246000a6c6f6164466163746f724900097468726573686f6c6478703f4000000000000c7708000000100000000174000a4d697473756269736869737200106a6176612e6c616e672e446f75626c6580b3c24a296bfb0402000144000576616c7565787200106a6176612e6c616e672e4e756d62657286ac951d0b94e08b020000787040220000000000007874006868747470733a2f2f656e637279707465642d74626e312e677374617469632e636f6d2f696d616765733f713d74626e3a414e64394763537a4957325879645f69436d53416543615f56463762656e5f745136416c6b3176466c457a41326a6f5147583855447857467400007400075472696e69747971007e000e, 'done'),
(405, 177, 145, 213, 29, 0xaced00057372003b7175697a2e6d6f64656c2e5175657374696f6e526573706f6e7365245175657374696f6e526573706f6e73655175657374696f6e417474656d7074464750c57ee1c5910200024c0006616e737765727400124c6a6176612f6c616e672f537472696e673b4c000674686973243074001d4c7175697a2f6d6f64656c2f5175657374696f6e526573706f6e73653b7872002b7175697a2e6d6f64656c2e5175697a5175657374696f6e245175697a5175657374696f6e417474656d707470a46a633881823802000849000f7175697a5f617474656d70745f69644900187175697a5f617474656d70745f7175657374696f6e5f69644900077175697a5f69644900107175697a5f7175657374696f6e5f696444000573636f7265490007757365725f69644c00066772616465647400264c7175697a2f6d6f64656c2f5175697a5175657374696f6e417474656d70744772616465643b4c00067468697324307400194c7175697a2f6d6f64656c2f5175697a5175657374696f6e3b7870000000b100000195000000d50000009100000000000000000000001d7e7200247175697a2e6d6f64656c2e5175697a5175657374696f6e417474656d707447726164656400000000000000001200007872000e6a6176612e6c616e672e456e756d00000000000000001200007870740004646f6e657372001b7175697a2e6d6f64656c2e5175657374696f6e526573706f6e7365d99ea4a564a102640200034c000f636f72726563745f616e737765727374000f4c6a6176612f7574696c2f4d61703b4c000e7175657374696f6e5f696d61676571007e00014c000d7175657374696f6e5f7465787471007e0001787200177175697a2e6d6f64656c2e5175697a5175657374696f6e4a33d125931916d60200034900077175697a5f69644900107175697a5f7175657374696f6e5f696449000a736f72745f6f726465727870000000d500000091000000c8737200116a6176612e7574696c2e486173684d61700507dac1c31660d103000246000a6c6f6164466163746f724900097468726573686f6c6478703f4000000000000c77080000001000000001740008496e66696e697469737200106a6176612e6c616e672e446f75626c6580b3c24a296bfb0402000144000576616c7565787200106a6176612e6c616e672e4e756d62657286ac951d0b94e08b020000787040200000000000007874002b687474703a2f2f7777772e72706d676f2e636f6d2f696d616765732f696e66696e6974795f65782e6a7067740011556e7469746c6564205175657374696f6e740005416375726171007e000e, 'done'),
(417, 181, 131, 209, 37, 0xaced00057372003b7175697a2e6d6f64656c2e5175657374696f6e526573706f6e7365245175657374696f6e526573706f6e73655175657374696f6e417474656d7074464750c57ee1c5910200024c0006616e737765727400124c6a6176612f6c616e672f537472696e673b4c000674686973243074001d4c7175697a2f6d6f64656c2f5175657374696f6e526573706f6e73653b7872002b7175697a2e6d6f64656c2e5175697a5175657374696f6e245175697a5175657374696f6e417474656d707470a46a633881823802000849000f7175697a5f617474656d70745f69644900187175697a5f617474656d70745f7175657374696f6e5f69644900077175697a5f69644900107175697a5f7175657374696f6e5f696444000573636f7265490007757365725f69644c00066772616465647400264c7175697a2f6d6f64656c2f5175697a5175657374696f6e417474656d70744772616465643b4c00067468697324307400194c7175697a2f6d6f64656c2f5175697a5175657374696f6e3b7870000000b5000001a1000000d1000000834020000000000000000000257e7200247175697a2e6d6f64656c2e5175697a5175657374696f6e417474656d707447726164656400000000000000001200007872000e6a6176612e6c616e672e456e756d00000000000000001200007870740004646f6e657372001b7175697a2e6d6f64656c2e5175657374696f6e526573706f6e7365d99ea4a564a102640200034c000f636f72726563745f616e737765727374000f4c6a6176612f7574696c2f4d61703b4c000e7175657374696f6e5f696d61676571007e00014c000d7175657374696f6e5f7465787471007e0001787200177175697a2e6d6f64656c2e5175697a5175657374696f6e4a33d125931916d60200034900077175697a5f69644900107175697a5f7175657374696f6e5f696449000a736f72745f6f726465727870000000d10000008300000064737200116a6176612e7574696c2e486173684d61700507dac1c31660d103000246000a6c6f6164466163746f724900097468726573686f6c6478703f4000000000000c7708000000100000000174000b4c616d626f726768696e69737200106a6176612e6c616e672e446f75626c6580b3c24a296bfb0402000144000576616c7565787200106a6176612e6c616e672e4e756d62657286ac951d0b94e08b020000787040200000000000007874006a68747470733a2f2f656e637279707465642d74626e332e677374617469632e636f6d2f696d616765733f713d74626e3a414e64394763516f4f3632667a436f4c556b41764461396f6c73563471625736646b5935746e624957504f4f35684a596b494a6a71344750464174000f477565737320746865206d616b652174000b4c616d626f726768696e6971007e000e, 'done'),
(419, 181, 133, 209, 37, 0xaced00057372003b7175697a2e6d6f64656c2e5175657374696f6e526573706f6e7365245175657374696f6e526573706f6e73655175657374696f6e417474656d7074464750c57ee1c5910200024c0006616e737765727400124c6a6176612f6c616e672f537472696e673b4c000674686973243074001d4c7175697a2f6d6f64656c2f5175657374696f6e526573706f6e73653b7872002b7175697a2e6d6f64656c2e5175697a5175657374696f6e245175697a5175657374696f6e417474656d707470a46a633881823802000849000f7175697a5f617474656d70745f69644900187175697a5f617474656d70745f7175657374696f6e5f69644900077175697a5f69644900107175697a5f7175657374696f6e5f696444000573636f7265490007757365725f69644c00066772616465647400264c7175697a2f6d6f64656c2f5175697a5175657374696f6e417474656d70744772616465643b4c00067468697324307400194c7175697a2f6d6f64656c2f5175697a5175657374696f6e3b7870000000b5000001a3000000d1000000850000000000000000000000257e7200247175697a2e6d6f64656c2e5175697a5175657374696f6e417474656d707447726164656400000000000000001200007872000e6a6176612e6c616e672e456e756d00000000000000001200007870740004646f6e657372001b7175697a2e6d6f64656c2e5175657374696f6e526573706f6e7365d99ea4a564a102640200034c000f636f72726563745f616e737765727374000f4c6a6176612f7574696c2f4d61703b4c000e7175657374696f6e5f696d61676571007e00014c000d7175657374696f6e5f7465787471007e0001787200177175697a2e6d6f64656c2e5175697a5175657374696f6e4a33d125931916d60200034900077175697a5f69644900107175697a5f7175657374696f6e5f696449000a736f72745f6f726465727870000000d100000085000000c8737200116a6176612e7574696c2e486173684d61700507dac1c31660d103000246000a6c6f6164466163746f724900097468726573686f6c6478703f4000000000000c770800000010000000017400044d696e69737200106a6176612e6c616e672e446f75626c6580b3c24a296bfb0402000144000576616c7565787200106a6176612e6c616e672e4e756d62657286ac951d0b94e08b0200007870402200000000000078740054687474703a2f2f75706c6f61642e77696b696d656469612e6f72672f77696b6970656469612f636f6d6d6f6e732f7468756d622f372f37622f4f7572446f672e6a70672f38303070782d4f7572446f672e6a70677400115768617420697320746865206d616b653f74000071007e000e, 'done'),
(421, 181, 135, 209, 37, 0xaced00057372003b7175697a2e6d6f64656c2e5175657374696f6e526573706f6e7365245175657374696f6e526573706f6e73655175657374696f6e417474656d7074464750c57ee1c5910200024c0006616e737765727400124c6a6176612f6c616e672f537472696e673b4c000674686973243074001d4c7175697a2f6d6f64656c2f5175657374696f6e526573706f6e73653b7872002b7175697a2e6d6f64656c2e5175697a5175657374696f6e245175697a5175657374696f6e417474656d707470a46a633881823802000849000f7175697a5f617474656d70745f69644900187175697a5f617474656d70745f7175657374696f6e5f69644900077175697a5f69644900107175697a5f7175657374696f6e5f696444000573636f7265490007757365725f69644c00066772616465647400264c7175697a2f6d6f64656c2f5175697a5175657374696f6e417474656d70744772616465643b4c00067468697324307400194c7175697a2f6d6f64656c2f5175697a5175657374696f6e3b7870000000b5000001a5000000d1000000874018000000000000000000257e7200247175697a2e6d6f64656c2e5175697a5175657374696f6e417474656d707447726164656400000000000000001200007872000e6a6176612e6c616e672e456e756d00000000000000001200007870740004646f6e657372001b7175697a2e6d6f64656c2e5175657374696f6e526573706f6e7365d99ea4a564a102640200034c000f636f72726563745f616e737765727374000f4c6a6176612f7574696c2f4d61703b4c000e7175657374696f6e5f696d61676571007e00014c000d7175657374696f6e5f7465787471007e0001787200177175697a2e6d6f64656c2e5175697a5175657374696f6e4a33d125931916d60200034900077175697a5f69644900107175697a5f7175657374696f6e5f696449000a736f72745f6f726465727870000000d1000000870000012c737200116a6176612e7574696c2e486173684d61700507dac1c31660d103000246000a6c6f6164466163746f724900097468726573686f6c6478703f4000000000000c7708000000100000000174000c4173746f6e204d617274696e737200106a6176612e6c616e672e446f75626c6580b3c24a296bfb0402000144000576616c7565787200106a6176612e6c616e672e4e756d62657286ac951d0b94e08b0200007870401800000000000078740052687474703a2f2f667265616b776865656c2e636f6d2f77702d636f6e74656e742f75706c6f6164732f323031322f30362f4173746f6e2d4d617274696e2d56616e71756973682d566f6c616e74652e6a7067740015596f75206b6e6f7720746865206472696c6c2e2e2e74000c4173746f6e204d617274696e71007e000e, 'done');
INSERT INTO `quiz_attempt_question` (`quiz_attempt_question_id`, `quiz_attempt_id`, `quiz_question_id`, `quiz_id`, `user_id`, `metadata`, `graded`) VALUES
(423, 181, 137, 209, 37, 0xaced00057372003b7175697a2e6d6f64656c2e5175657374696f6e526573706f6e7365245175657374696f6e526573706f6e73655175657374696f6e417474656d7074464750c57ee1c5910200024c0006616e737765727400124c6a6176612f6c616e672f537472696e673b4c000674686973243074001d4c7175697a2f6d6f64656c2f5175657374696f6e526573706f6e73653b7872002b7175697a2e6d6f64656c2e5175697a5175657374696f6e245175697a5175657374696f6e417474656d707470a46a633881823802000849000f7175697a5f617474656d70745f69644900187175697a5f617474656d70745f7175657374696f6e5f69644900077175697a5f69644900107175697a5f7175657374696f6e5f696444000573636f7265490007757365725f69644c00066772616465647400264c7175697a2f6d6f64656c2f5175697a5175657374696f6e417474656d70744772616465643b4c00067468697324307400194c7175697a2f6d6f64656c2f5175697a5175657374696f6e3b7870000000b5000001a7000000d1000000890000000000000000000000257e7200247175697a2e6d6f64656c2e5175697a5175657374696f6e417474656d707447726164656400000000000000001200007872000e6a6176612e6c616e672e456e756d00000000000000001200007870740004646f6e657372001b7175697a2e6d6f64656c2e5175657374696f6e526573706f6e7365d99ea4a564a102640200034c000f636f72726563745f616e737765727374000f4c6a6176612f7574696c2f4d61703b4c000e7175657374696f6e5f696d61676571007e00014c000d7175657374696f6e5f7465787471007e0001787200177175697a2e6d6f64656c2e5175697a5175657374696f6e4a33d125931916d60200034900077175697a5f69644900107175697a5f7175657374696f6e5f696449000a736f72745f6f726465727870000000d10000008900000190737200116a6176612e7574696c2e486173684d61700507dac1c31660d103000246000a6c6f6164466163746f724900097468726573686f6c6478703f4000000000000c77080000001000000001740007506f7273636865737200106a6176612e6c616e672e446f75626c6580b3c24a296bfb0402000144000576616c7565787200106a6176612e6c616e672e4e756d62657286ac951d0b94e08b0200007870402000000000000078740053687474703a2f2f77616c6c64726966742e636f6d2f77702d636f6e74656e742f75706c6f6164732f323031332f30332f48442d506f72736368652d436172726572612d47542d57616c6c70617065722e6a7067740015596f75206b6e6f7720746865206472696c6c2e2e2e74000071007e000e, 'done'),
(425, 181, 141, 209, 37, 0xaced00057372003b7175697a2e6d6f64656c2e5175657374696f6e526573706f6e7365245175657374696f6e526573706f6e73655175657374696f6e417474656d7074464750c57ee1c5910200024c0006616e737765727400124c6a6176612f6c616e672f537472696e673b4c000674686973243074001d4c7175697a2f6d6f64656c2f5175657374696f6e526573706f6e73653b7872002b7175697a2e6d6f64656c2e5175697a5175657374696f6e245175697a5175657374696f6e417474656d707470a46a633881823802000849000f7175697a5f617474656d70745f69644900187175697a5f617474656d70745f7175657374696f6e5f69644900077175697a5f69644900107175697a5f7175657374696f6e5f696444000573636f7265490007757365725f69644c00066772616465647400264c7175697a2f6d6f64656c2f5175697a5175657374696f6e417474656d70744772616465643b4c00067468697324307400194c7175697a2f6d6f64656c2f5175697a5175657374696f6e3b7870000000b5000001a9000000d10000008d0000000000000000000000257e7200247175697a2e6d6f64656c2e5175697a5175657374696f6e417474656d707447726164656400000000000000001200007872000e6a6176612e6c616e672e456e756d00000000000000001200007870740004646f6e657372001b7175697a2e6d6f64656c2e5175657374696f6e526573706f6e7365d99ea4a564a102640200034c000f636f72726563745f616e737765727374000f4c6a6176612f7574696c2f4d61703b4c000e7175657374696f6e5f696d61676571007e00014c000d7175657374696f6e5f7465787471007e0001787200177175697a2e6d6f64656c2e5175697a5175657374696f6e4a33d125931916d60200034900077175697a5f69644900107175697a5f7175657374696f6e5f696449000a736f72745f6f726465727870000000d10000008d000001f4737200116a6176612e7574696c2e486173684d61700507dac1c31660d103000246000a6c6f6164466163746f724900097468726573686f6c6478703f4000000000000c7708000000100000000078740000740011556e7469746c6564205175657374696f6e74000071007e000e, 'done'),
(427, 183, 143, 213, 37, 0xaced00057372003b7175697a2e6d6f64656c2e5175657374696f6e526573706f6e7365245175657374696f6e526573706f6e73655175657374696f6e417474656d7074464750c57ee1c5910200024c0006616e737765727400124c6a6176612f6c616e672f537472696e673b4c000674686973243074001d4c7175697a2f6d6f64656c2f5175657374696f6e526573706f6e73653b7872002b7175697a2e6d6f64656c2e5175697a5175657374696f6e245175697a5175657374696f6e417474656d707470a46a633881823802000849000f7175697a5f617474656d70745f69644900187175697a5f617474656d70745f7175657374696f6e5f69644900077175697a5f69644900107175697a5f7175657374696f6e5f696444000573636f7265490007757365725f69644c00066772616465647400264c7175697a2f6d6f64656c2f5175697a5175657374696f6e417474656d70744772616465643b4c00067468697324307400194c7175697a2f6d6f64656c2f5175697a5175657374696f6e3b7870000000b7000001ab000000d50000008f4022000000000000000000257e7200247175697a2e6d6f64656c2e5175697a5175657374696f6e417474656d707447726164656400000000000000001200007872000e6a6176612e6c616e672e456e756d00000000000000001200007870740004646f6e657372001b7175697a2e6d6f64656c2e5175657374696f6e526573706f6e7365d99ea4a564a102640200034c000f636f72726563745f616e737765727374000f4c6a6176612f7574696c2f4d61703b4c000e7175657374696f6e5f696d61676571007e00014c000d7175657374696f6e5f7465787471007e0001787200177175697a2e6d6f64656c2e5175697a5175657374696f6e4a33d125931916d60200034900077175697a5f69644900107175697a5f7175657374696f6e5f696449000a736f72745f6f726465727870000000d50000008f00000064737200116a6176612e7574696c2e486173684d61700507dac1c31660d103000246000a6c6f6164466163746f724900097468726573686f6c6478703f4000000000000c7708000000100000000174000a4d697473756269736869737200106a6176612e6c616e672e446f75626c6580b3c24a296bfb0402000144000576616c7565787200106a6176612e6c616e672e4e756d62657286ac951d0b94e08b020000787040220000000000007874006868747470733a2f2f656e637279707465642d74626e312e677374617469632e636f6d2f696d616765733f713d74626e3a414e64394763537a4957325879645f69436d53416543615f56463762656e5f745136416c6b3176466c457a41326a6f51475838554478574674000074000a4d69747375626973686971007e000e, 'done'),
(429, 183, 145, 213, 37, 0xaced00057372003b7175697a2e6d6f64656c2e5175657374696f6e526573706f6e7365245175657374696f6e526573706f6e73655175657374696f6e417474656d7074464750c57ee1c5910200024c0006616e737765727400124c6a6176612f6c616e672f537472696e673b4c000674686973243074001d4c7175697a2f6d6f64656c2f5175657374696f6e526573706f6e73653b7872002b7175697a2e6d6f64656c2e5175697a5175657374696f6e245175697a5175657374696f6e417474656d707470a46a633881823802000849000f7175697a5f617474656d70745f69644900187175697a5f617474656d70745f7175657374696f6e5f69644900077175697a5f69644900107175697a5f7175657374696f6e5f696444000573636f7265490007757365725f69644c00066772616465647400264c7175697a2f6d6f64656c2f5175697a5175657374696f6e417474656d70744772616465643b4c00067468697324307400194c7175697a2f6d6f64656c2f5175697a5175657374696f6e3b7870000000b7000001ad000000d5000000914020000000000000000000257e7200247175697a2e6d6f64656c2e5175697a5175657374696f6e417474656d707447726164656400000000000000001200007872000e6a6176612e6c616e672e456e756d00000000000000001200007870740004646f6e657372001b7175697a2e6d6f64656c2e5175657374696f6e526573706f6e7365d99ea4a564a102640200034c000f636f72726563745f616e737765727374000f4c6a6176612f7574696c2f4d61703b4c000e7175657374696f6e5f696d61676571007e00014c000d7175657374696f6e5f7465787471007e0001787200177175697a2e6d6f64656c2e5175697a5175657374696f6e4a33d125931916d60200034900077175697a5f69644900107175697a5f7175657374696f6e5f696449000a736f72745f6f726465727870000000d500000091000000c8737200116a6176612e7574696c2e486173684d61700507dac1c31660d103000246000a6c6f6164466163746f724900097468726573686f6c6478703f4000000000000c77080000001000000001740008496e66696e697469737200106a6176612e6c616e672e446f75626c6580b3c24a296bfb0402000144000576616c7565787200106a6176612e6c616e672e4e756d62657286ac951d0b94e08b020000787040200000000000007874002b687474703a2f2f7777772e72706d676f2e636f6d2f696d616765732f696e66696e6974795f65782e6a7067740011556e7469746c6564205175657374696f6e740008496e66696e69746971007e000e, 'done'),
(431, 185, 101, 201, 27, 0xaced00057372003b7175697a2e6d6f64656c2e5175657374696f6e526573706f6e7365245175657374696f6e526573706f6e73655175657374696f6e417474656d7074464750c57ee1c5910200024c0006616e737765727400124c6a6176612f6c616e672f537472696e673b4c000674686973243074001d4c7175697a2f6d6f64656c2f5175657374696f6e526573706f6e73653b7872002b7175697a2e6d6f64656c2e5175697a5175657374696f6e245175697a5175657374696f6e417474656d707470a46a633881823802000849000f7175697a5f617474656d70745f69644900187175697a5f617474656d70745f7175657374696f6e5f69644900077175697a5f69644900107175697a5f7175657374696f6e5f696444000573636f7265490007757365725f69644c00066772616465647400264c7175697a2f6d6f64656c2f5175697a5175657374696f6e417474656d70744772616465643b4c00067468697324307400194c7175697a2f6d6f64656c2f5175697a5175657374696f6e3b7870000000b9000001af000000c90000006540140000000000000000001b7e7200247175697a2e6d6f64656c2e5175697a5175657374696f6e417474656d707447726164656400000000000000001200007872000e6a6176612e6c616e672e456e756d00000000000000001200007870740004646f6e657372001b7175697a2e6d6f64656c2e5175657374696f6e526573706f6e7365d99ea4a564a102640200034c000f636f72726563745f616e737765727374000f4c6a6176612f7574696c2f4d61703b4c000e7175657374696f6e5f696d61676571007e00014c000d7175657374696f6e5f7465787471007e0001787200177175697a2e6d6f64656c2e5175697a5175657374696f6e4a33d125931916d60200034900077175697a5f69644900107175697a5f7175657374696f6e5f696449000a736f72745f6f726465727870000000c90000006500000064737200116a6176612e7574696c2e486173684d61700507dac1c31660d103000246000a6c6f6164466163746f724900097468726573686f6c6478703f4000000000000c7708000000100000000174000d6d616e676f2070756464696e67737200106a6176612e6c616e672e446f75626c6580b3c24a296bfb0402000144000576616c7565787200106a6176612e6c616e672e4e756d62657286ac951d0b94e08b020000787040140000000000007874006a68747470733a2f2f656e637279707465642d74626e312e677374617469632e636f6d2f696d616765733f713d74626e3a414e643947635458796b47666a514d523573675f314977774b4a4176532d72534173414b4f72416b64327674626378785f4448514d455631695174000d5768617420697320746869733f74000d6d616e676f2070756464696e6771007e000e, 'done'),
(433, 185, 103, 201, 27, 0xaced00057372003b7175697a2e6d6f64656c2e5175657374696f6e526573706f6e7365245175657374696f6e526573706f6e73655175657374696f6e417474656d7074464750c57ee1c5910200024c0006616e737765727400124c6a6176612f6c616e672f537472696e673b4c000674686973243074001d4c7175697a2f6d6f64656c2f5175657374696f6e526573706f6e73653b7872002b7175697a2e6d6f64656c2e5175697a5175657374696f6e245175697a5175657374696f6e417474656d707470a46a633881823802000849000f7175697a5f617474656d70745f69644900187175697a5f617474656d70745f7175657374696f6e5f69644900077175697a5f69644900107175697a5f7175657374696f6e5f696444000573636f7265490007757365725f69644c00066772616465647400264c7175697a2f6d6f64656c2f5175697a5175657374696f6e417474656d70744772616465643b4c00067468697324307400194c7175697a2f6d6f64656c2f5175697a5175657374696f6e3b7870000000b9000001b1000000c900000067401c0000000000000000001b7e7200247175697a2e6d6f64656c2e5175697a5175657374696f6e417474656d707447726164656400000000000000001200007872000e6a6176612e6c616e672e456e756d00000000000000001200007870740004646f6e657372001b7175697a2e6d6f64656c2e5175657374696f6e526573706f6e7365d99ea4a564a102640200034c000f636f72726563745f616e737765727374000f4c6a6176612f7574696c2f4d61703b4c000e7175657374696f6e5f696d61676571007e00014c000d7175657374696f6e5f7465787471007e0001787200177175697a2e6d6f64656c2e5175697a5175657374696f6e4a33d125931916d60200034900077175697a5f69644900107175697a5f7175657374696f6e5f696449000a736f72745f6f726465727870000000c900000067000000c8737200116a6176612e7574696c2e486173684d61700507dac1c31660d103000246000a6c6f6164466163746f724900097468726573686f6c6478703f4000000000000c7708000000100000000274000b74726573206c6563686573737200106a6176612e6c616e672e446f75626c6580b3c24a296bfb0402000144000576616c7565787200106a6176612e6c616e672e4e756d62657286ac951d0b94e08b0200007870401c0000000000007400066c65636865737371007e001240140000000000007874005a687474703a2f2f696d67342d322e6d79726563697065732e74696d65696e632e6e65742f692f726563697065732f73752f30333134323030382f747265736c65636865732d63616b652d73752d313631313632372d6c2e6a706774001a57686174206b696e64206f662063616b6520697320746869733f74000b74726573206c656368657371007e000e, 'done'),
(435, 185, 109, 201, 27, 0xaced00057372003b7175697a2e6d6f64656c2e5175657374696f6e526573706f6e7365245175657374696f6e526573706f6e73655175657374696f6e417474656d7074464750c57ee1c5910200024c0006616e737765727400124c6a6176612f6c616e672f537472696e673b4c000674686973243074001d4c7175697a2f6d6f64656c2f5175657374696f6e526573706f6e73653b7872002b7175697a2e6d6f64656c2e5175697a5175657374696f6e245175697a5175657374696f6e417474656d707470a46a633881823802000849000f7175697a5f617474656d70745f69644900187175697a5f617474656d70745f7175657374696f6e5f69644900077175697a5f69644900107175697a5f7175657374696f6e5f696444000573636f7265490007757365725f69644c00066772616465647400264c7175697a2f6d6f64656c2f5175697a5175657374696f6e417474656d70744772616465643b4c00067468697324307400194c7175697a2f6d6f64656c2f5175697a5175657374696f6e3b7870000000b9000001b3000000c90000006d40220000000000000000001b7e7200247175697a2e6d6f64656c2e5175697a5175657374696f6e417474656d707447726164656400000000000000001200007872000e6a6176612e6c616e672e456e756d00000000000000001200007870740004646f6e657372001b7175697a2e6d6f64656c2e5175657374696f6e526573706f6e7365d99ea4a564a102640200034c000f636f72726563745f616e737765727374000f4c6a6176612f7574696c2f4d61703b4c000e7175657374696f6e5f696d61676571007e00014c000d7175657374696f6e5f7465787471007e0001787200177175697a2e6d6f64656c2e5175697a5175657374696f6e4a33d125931916d60200034900077175697a5f69644900107175697a5f7175657374696f6e5f696449000a736f72745f6f726465727870000000c90000006d0000012c737200116a6176612e7574696c2e486173684d61700507dac1c31660d103000246000a6c6f6164466163746f724900097468726573686f6c6478703f4000000000000c7708000000100000000174000a73686176656420696365737200106a6176612e6c616e672e446f75626c6580b3c24a296bfb0402000144000576616c7565787200106a6176612e6c616e672e4e756d62657286ac951d0b94e08b020000787040220000000000007874003a687474703a2f2f63646e2e626967676573746d656e752e636f6d2f30302f30302f61342f313134393261623664623933343830635f6d2e6a706774001557686174206465737365727420697320746869733f74000a7368617665642069636571007e000e, 'done');

-- --------------------------------------------------------

--
-- Table structure for table `quiz_question`
--

CREATE TABLE IF NOT EXISTS `quiz_question` (
  `quiz_question_id` int(11) NOT NULL AUTO_INCREMENT,
  `quiz_id` int(11) NOT NULL,
  `type` enum('QuestionResponse','FillInTheBlanks','MultipleChoice','PictureResponse') NOT NULL,
  `metadata` longblob,
  `sort_order` int(11) NOT NULL DEFAULT '0',
  PRIMARY KEY (`quiz_question_id`)
) ENGINE=InnoDB  DEFAULT CHARSET=utf8 AUTO_INCREMENT=169 ;

--
-- Dumping data for table `quiz_question`
--

INSERT INTO `quiz_question` (`quiz_question_id`, `quiz_id`, `type`, `metadata`, `sort_order`) VALUES
(77, 195, 'QuestionResponse', 0xaced00057372001b7175697a2e6d6f64656c2e5175657374696f6e526573706f6e7365d99ea4a564a102640200034c000f636f72726563745f616e737765727374000f4c6a6176612f7574696c2f4d61703b4c000e7175657374696f6e5f696d6167657400124c6a6176612f6c616e672f537472696e673b4c000d7175657374696f6e5f7465787471007e0002787200177175697a2e6d6f64656c2e5175697a5175657374696f6e4a33d125931916d60200034900077175697a5f69644900107175697a5f7175657374696f6e5f696449000a736f72745f6f726465727870000000c30000004d00000064737200116a6176612e7574696c2e486173684d61700507dac1c31660d103000246000a6c6f6164466163746f724900097468726573686f6c6478703f4000000000000c7708000000100000000174000842656e6564696374737200106a6176612e6c616e672e446f75626c6580b3c24a296bfb0402000144000576616c7565787200106a6176612e6c616e672e4e756d62657286ac951d0b94e08b020000787040240000000000007874000074001857686f206973207468652063757272656e7420706f70653f, 100),
(83, 195, 'MultipleChoice', 0xaced0005737200197175697a2e6d6f64656c2e4d756c7469706c6543686f6963650bc4123134b2d2a702000649000f636f72726563745f76697369626c65490011696e636f72726563745f76697369626c655a000c6d756c74695f73656c6563744c000f636f72726563745f6f7074696f6e7374000f4c6a6176612f7574696c2f4d61703b4c0011696e636f72726563745f6f7074696f6e7371007e00014c000d7175657374696f6e5f746578747400124c6a6176612f6c616e672f537472696e673b787200177175697a2e6d6f64656c2e5175697a5175657374696f6e4a33d125931916d60200034900077175697a5f69644900107175697a5f7175657374696f6e5f696449000a736f72745f6f726465727870000000c3000000530000012c000000010000000300737200116a6176612e7574696c2e486173684d61700507dac1c31660d103000246000a6c6f6164466163746f724900097468726573686f6c6478703f4000000000000c77080000001000000001740003323536737200106a6176612e6c616e672e446f75626c6580b3c24a296bfb0402000144000576616c7565787200106a6176612e6c616e672e4e756d62657286ac951d0b94e08b02000078703ff0000000000000787371007e00053f4000000000000c770800000010000000037400033335327371007e000800000000000000007400033132337371007e000800000000000000007400033432317371007e000800000000000000007874001f486f77206d616e7920706f7065732068617665207468657265206265656e3f, 300),
(85, 197, 'QuestionResponse', 0xaced00057372001b7175697a2e6d6f64656c2e5175657374696f6e526573706f6e7365d99ea4a564a102640200034c000f636f72726563745f616e737765727374000f4c6a6176612f7574696c2f4d61703b4c000e7175657374696f6e5f696d6167657400124c6a6176612f6c616e672f537472696e673b4c000d7175657374696f6e5f7465787471007e0002787200177175697a2e6d6f64656c2e5175697a5175657374696f6e4a33d125931916d60200034900077175697a5f69644900107175697a5f7175657374696f6e5f696449000a736f72745f6f726465727870000000c50000005500000064737200116a6176612e7574696c2e486173684d61700507dac1c31660d103000246000a6c6f6164466163746f724900097468726573686f6c6478703f4000000000000c7708000000100000000274000764796e616d6963737200106a6176612e6c616e672e446f75626c6580b3c24a296bfb0402000144000576616c7565787200106a6176612e6c616e672e4e756d62657286ac951d0b94e08b0200007870402400000000000074001264796e616d6963206d6963726f70686f6e657371007e0008402400000000000078740000740031576861742074797065206f66206d6963726f70686f6e65206861732061206d6f76696e6720636f696c20696e736964653f, 100),
(87, 197, 'QuestionResponse', 0xaced00057372001b7175697a2e6d6f64656c2e5175657374696f6e526573706f6e7365d99ea4a564a102640200034c000f636f72726563745f616e737765727374000f4c6a6176612f7574696c2f4d61703b4c000e7175657374696f6e5f696d6167657400124c6a6176612f6c616e672f537472696e673b4c000d7175657374696f6e5f7465787471007e0002787200177175697a2e6d6f64656c2e5175697a5175657374696f6e4a33d125931916d60200034900077175697a5f69644900107175697a5f7175657374696f6e5f696449000a736f72745f6f726465727870000000c500000057000000c8737200116a6176612e7574696c2e486173684d61700507dac1c31660d103000246000a6c6f6164466163746f724900097468726573686f6c6478703f4000000000000c770800000010000000027400055368757265737200106a6176612e6c616e672e446f75626c6580b3c24a296bfb0402000144000576616c7565787200106a6176612e6c616e672e4e756d62657286ac951d0b94e08b0200007870402400000000000074000e53687572652042726f74686572737371007e000840240000000000007874007c687474703a2f2f35356435333430613034336138323838353665312d66363264653237616635393962623637303365313162343732626561646263632e7232382e6366322e7261636b63646e2e636f6d2f70726f647563742f6d61696e5f696d6167652f333931302f70726f645f696d675f736d35375f6c2e6a706774002a5768617420636f6d70616e79206d616e7566616374757265732074686973206d6963726f70686f6e653f, 200),
(89, 197, 'QuestionResponse', 0xaced00057372001b7175697a2e6d6f64656c2e5175657374696f6e526573706f6e7365d99ea4a564a102640200034c000f636f72726563745f616e737765727374000f4c6a6176612f7574696c2f4d61703b4c000e7175657374696f6e5f696d6167657400124c6a6176612f6c616e672f537472696e673b4c000d7175657374696f6e5f7465787471007e0002787200177175697a2e6d6f64656c2e5175697a5175657374696f6e4a33d125931916d60200034900077175697a5f69644900107175697a5f7175657374696f6e5f696449000a736f72745f6f726465727870000000c5000000590000012c737200116a6176612e7574696c2e486173684d61700507dac1c31660d103000246000a6c6f6164466163746f724900097468726573686f6c6478703f4000000000000c7708000000100000000174000763617264696f64737200106a6176612e6c616e672e446f75626c6580b3c24a296bfb0402000144000576616c7565787200106a6176612e6c616e672e4e756d62657286ac951d0b94e08b020000787040240000000000007874004b687474703a2f2f7777772e65646d656469612e636f6d2e61752f73697465732f64656661756c742f66696c65732f696d616765732f61727469636c65732f63617264696f69642e6a70656774001d57686174207370617469616c207061747465726e20697320746869733f, 300),
(91, 197, 'MultipleChoice', 0xaced0005737200197175697a2e6d6f64656c2e4d756c7469706c6543686f6963650bc4123134b2d2a702000649000f636f72726563745f76697369626c65490011696e636f72726563745f76697369626c655a000c6d756c74695f73656c6563744c000f636f72726563745f6f7074696f6e7374000f4c6a6176612f7574696c2f4d61703b4c0011696e636f72726563745f6f7074696f6e7371007e00014c000d7175657374696f6e5f746578747400124c6a6176612f6c616e672f537472696e673b787200177175697a2e6d6f64656c2e5175697a5175657374696f6e4a33d125931916d60200034900077175697a5f69644900107175697a5f7175657374696f6e5f696449000a736f72745f6f726465727870000000c50000005b00000190000000010000000300737200116a6176612e7574696c2e486173684d61700507dac1c31660d103000246000a6c6f6164466163746f724900097468726573686f6c6478703f4000000000000c77080000001000000002740004514c6162737200106a6176612e6c616e672e446f75626c6580b3c24a296bfb0402000144000576616c7565787200106a6176612e6c616e672e4e756d62657286ac951d0b94e08b02000078704024000000000000740007496d70726573737371007e00084024000000000000787371007e00053f4000000000000c770800000010000000057400054c6f6769637371007e000800000000000000007400065265617065727371007e000800000000000000007400084175646974696f6e7371007e0008000000000000000074000950726f20546f6f6c737371007e0008000000000000000074000c41626c65746f6e204c6976657371007e00080000000000000000787400295768696368206973206e6f742061206469676974616c20617564696f20776f726b73746174696f6e3f, 400),
(95, 199, 'QuestionResponse', 0xaced00057372001b7175697a2e6d6f64656c2e5175657374696f6e526573706f6e7365d99ea4a564a102640200034c000f636f72726563745f616e737765727374000f4c6a6176612f7574696c2f4d61703b4c000e7175657374696f6e5f696d6167657400124c6a6176612f6c616e672f537472696e673b4c000d7175657374696f6e5f7465787471007e0002787200177175697a2e6d6f64656c2e5175697a5175657374696f6e4a33d125931916d60200034900077175697a5f69644900107175697a5f7175657374696f6e5f696449000a736f72745f6f726465727870000000c70000005f00000064737200116a6176612e7574696c2e486173684d61700507dac1c31660d103000246000a6c6f6164466163746f724900097468726573686f6c6478703f4000000000000c77080000001000000001740008786961206a69616f737200106a6176612e6c616e672e446f75626c6580b3c24a296bfb0402000144000576616c7565787200106a6176612e6c616e672e4e756d62657286ac951d0b94e08b0200007870402400000000000078740037687474703a2f2f626c6f67732e73656174746c657765656b6c792e636f6d2f766f726163696f75732f736872696d7062616c6c2e6a7067740000, 100),
(97, 199, 'QuestionResponse', 0xaced00057372001b7175697a2e6d6f64656c2e5175657374696f6e526573706f6e7365d99ea4a564a102640200034c000f636f72726563745f616e737765727374000f4c6a6176612f7574696c2f4d61703b4c000e7175657374696f6e5f696d6167657400124c6a6176612f6c616e672f537472696e673b4c000d7175657374696f6e5f7465787471007e0002787200177175697a2e6d6f64656c2e5175697a5175657374696f6e4a33d125931916d60200034900077175697a5f69644900107175697a5f7175657374696f6e5f696449000a736f72745f6f726465727870000000c700000061000000c8737200116a6176612e7574696c2e486173684d61700507dac1c31660d103000246000a6c6f6164466163746f724900097468726573686f6c6478703f4000000000000c7708000000100000000174000b6c756f2062756f2067616f737200106a6176612e6c616e672e446f75626c6580b3c24a296bfb0402000144000576616c7565787200106a6176612e6c616e672e4e756d62657286ac951d0b94e08b020000787040240000000000007874006868747470733a2f2f656e637279707465642d74626e302e677374617469632e636f6d2f696d616765733f713d74626e3a414e64394763524c6746774836356356545f5248506e4c39616b624c396152736c5a3776335a6539616c456b7130496a466f707061524473740011556e7469746c6564205175657374696f6e, 200),
(99, 199, 'QuestionResponse', 0xaced00057372001b7175697a2e6d6f64656c2e5175657374696f6e526573706f6e7365d99ea4a564a102640200034c000f636f72726563745f616e737765727374000f4c6a6176612f7574696c2f4d61703b4c000e7175657374696f6e5f696d6167657400124c6a6176612f6c616e672f537472696e673b4c000d7175657374696f6e5f7465787471007e0002787200177175697a2e6d6f64656c2e5175697a5175657374696f6e4a33d125931916d60200034900077175697a5f69644900107175697a5f7175657374696f6e5f696449000a736f72745f6f726465727870000000c7000000630000012c737200116a6176612e7574696c2e486173684d61700507dac1c31660d103000246000a6c6f6164466163746f724900097468726573686f6c6478703f4000000000000c770800000010000000017400087368616f206d6169737200106a6176612e6c616e672e446f75626c6580b3c24a296bfb0402000144000576616c7565787200106a6176612e6c616e672e4e756d62657286ac951d0b94e08b020000787040240000000000007874006868747470733a2f2f656e637279707465642d74626e332e677374617469632e636f6d2f696d616765733f713d74626e3a414e64394763537149566d444c6e4a2d362d574f674c47327a796e555246692d3431354b6b5f30674239475131765f553862504832706f56740011556e7469746c6564205175657374696f6e, 300),
(101, 201, 'QuestionResponse', 0xaced00057372001b7175697a2e6d6f64656c2e5175657374696f6e526573706f6e7365d99ea4a564a102640200034c000f636f72726563745f616e737765727374000f4c6a6176612f7574696c2f4d61703b4c000e7175657374696f6e5f696d6167657400124c6a6176612f6c616e672f537472696e673b4c000d7175657374696f6e5f7465787471007e0002787200177175697a2e6d6f64656c2e5175697a5175657374696f6e4a33d125931916d60200034900077175697a5f69644900107175697a5f7175657374696f6e5f696449000a736f72745f6f726465727870000000c90000006500000064737200116a6176612e7574696c2e486173684d61700507dac1c31660d103000246000a6c6f6164466163746f724900097468726573686f6c6478703f4000000000000c7708000000100000000174000d6d616e676f2070756464696e67737200106a6176612e6c616e672e446f75626c6580b3c24a296bfb0402000144000576616c7565787200106a6176612e6c616e672e4e756d62657286ac951d0b94e08b020000787040140000000000007874006a68747470733a2f2f656e637279707465642d74626e312e677374617469632e636f6d2f696d616765733f713d74626e3a414e643947635458796b47666a514d523573675f314977774b4a4176532d72534173414b4f72416b64327674626378785f4448514d455631695174000d5768617420697320746869733f, 100),
(103, 201, 'QuestionResponse', 0xaced00057372001b7175697a2e6d6f64656c2e5175657374696f6e526573706f6e7365d99ea4a564a102640200034c000f636f72726563745f616e737765727374000f4c6a6176612f7574696c2f4d61703b4c000e7175657374696f6e5f696d6167657400124c6a6176612f6c616e672f537472696e673b4c000d7175657374696f6e5f7465787471007e0002787200177175697a2e6d6f64656c2e5175697a5175657374696f6e4a33d125931916d60200034900077175697a5f69644900107175697a5f7175657374696f6e5f696449000a736f72745f6f726465727870000000c900000067000000c8737200116a6176612e7574696c2e486173684d61700507dac1c31660d103000246000a6c6f6164466163746f724900097468726573686f6c6478703f4000000000000c7708000000100000000274000b74726573206c6563686573737200106a6176612e6c616e672e446f75626c6580b3c24a296bfb0402000144000576616c7565787200106a6176612e6c616e672e4e756d62657286ac951d0b94e08b0200007870401c0000000000007400066c65636865737371007e000840140000000000007874005a687474703a2f2f696d67342d322e6d79726563697065732e74696d65696e632e6e65742f692f726563697065732f73752f30333134323030382f747265736c65636865732d63616b652d73752d313631313632372d6c2e6a706774001a57686174206b696e64206f662063616b6520697320746869733f, 200),
(105, 205, 'FillInTheBlanks', 0xaced00057372001a7175697a2e6d6f64656c2e46696c6c496e546865426c616e6b73bea98131cce1af7f0200024c000f636f72726563745f616e73776572737400134c6a6176612f7574696c2f486173684d61703b4c000d7175657374696f6e5f746578747400124c6a6176612f6c616e672f537472696e673b787200177175697a2e6d6f64656c2e5175697a5175657374696f6e4a33d125931916d60200034900077175697a5f69644900107175697a5f7175657374696f6e5f696449000a736f72745f6f726465727870000000cd0000006900000064737200116a6176612e7574696c2e486173684d61700507dac1c31660d103000246000a6c6f6164466163746f724900097468726573686f6c6478703f4000000000000c77080000001000000002737200116a6176612e6c616e672e496e746567657212e2a0a4f781873802000149000576616c7565787200106a6176612e6c616e672e4e756d62657286ac951d0b94e08b0200007870000000017371007e00053f4000000000000c7708000000100000000274000c73746565706c656368617365737200106a6176612e6c616e672e446f75626c6580b3c24a296bfb0402000144000576616c75657871007e0008400000000000000074000c53746565706c6563686173657371007e000c4000000000000000787371007e0007000000027371007e00053f4000000000000c7708000000100000000274000b33303030206d65746572737371007e000c4000000000000000740005333030306d7371007e000c4000000000000000787874005b5468652066697273742072756e6e696e67206576656e74206f662074686520323031322053756d6d6572204f6c796d706963732077617320746865204d656e2773205b315d20617420612064697374616e6365206f66205b325d2e, 100),
(107, 205, 'MultipleChoice', 0xaced0005737200197175697a2e6d6f64656c2e4d756c7469706c6543686f6963650bc4123134b2d2a702000649000f636f72726563745f76697369626c65490011696e636f72726563745f76697369626c655a000c6d756c74695f73656c6563744c000f636f72726563745f6f7074696f6e7374000f4c6a6176612f7574696c2f4d61703b4c0011696e636f72726563745f6f7074696f6e7371007e00014c000d7175657374696f6e5f746578747400124c6a6176612f6c616e672f537472696e673b787200177175697a2e6d6f64656c2e5175697a5175657374696f6e4a33d125931916d60200034900077175697a5f69644900107175697a5f7175657374696f6e5f696449000a736f72745f6f726465727870000000cd0000006b000000c8000000010000000300737200116a6176612e7574696c2e486173684d61700507dac1c31660d103000246000a6c6f6164466163746f724900097468726573686f6c6478703f4000000000000c770800000010000000017400434e756d626572206f66206d6561737572656420737465707320746865207661756c7465722063686f6f73657320746f2074616b65206265666f7265206a756d70696e67737200106a6176612e6c616e672e446f75626c6580b3c24a296bfb0402000144000576616c7565787200106a6176612e6c616e672e4e756d62657286ac951d0b94e08b02000078704008000000000000787371007e00053f4000000000000c770800000010000000047400464d6178696d756d206e756d626572206f6620737465707320746865207661756c74657220697320616c6c6f77656420746f2074616b65206265666f726520706c616e74696e677371007e000800000000000000007400404f6e65206f66207468652074776f20706f70756c617220747261696e696e67206d6574686f64732c20616c6f6e67207769746820746865207369782d737465707371007e0008000000000000000074003a4e616d65206f6620746865206c61737420666f7572207374657073206265666f726520746865206a756d70657220686974732074686520626f787371007e0008000000000000000074003c4e616d65206f66207468652070726f63657373206f6620706f6c65207661756c74696e6720616e642069747320666f757220636f6d706f6e656e74737371007e000800000000000000007874002957686174206973207468652022666f75722d737465702220696e20706f6c65207661756c74696e673f, 200),
(109, 201, 'QuestionResponse', 0xaced00057372001b7175697a2e6d6f64656c2e5175657374696f6e526573706f6e7365d99ea4a564a102640200034c000f636f72726563745f616e737765727374000f4c6a6176612f7574696c2f4d61703b4c000e7175657374696f6e5f696d6167657400124c6a6176612f6c616e672f537472696e673b4c000d7175657374696f6e5f7465787471007e0002787200177175697a2e6d6f64656c2e5175697a5175657374696f6e4a33d125931916d60200034900077175697a5f69644900107175697a5f7175657374696f6e5f696449000a736f72745f6f726465727870000000c90000006d0000012c737200116a6176612e7574696c2e486173684d61700507dac1c31660d103000246000a6c6f6164466163746f724900097468726573686f6c6478703f4000000000000c7708000000100000000174000a73686176656420696365737200106a6176612e6c616e672e446f75626c6580b3c24a296bfb0402000144000576616c7565787200106a6176612e6c616e672e4e756d62657286ac951d0b94e08b020000787040220000000000007874003a687474703a2f2f63646e2e626967676573746d656e752e636f6d2f30302f30302f61342f313134393261623664623933343830635f6d2e6a706774001557686174206465737365727420697320746869733f, 300),
(111, 207, 'MultipleChoice', 0xaced0005737200197175697a2e6d6f64656c2e4d756c7469706c6543686f6963650bc4123134b2d2a702000649000f636f72726563745f76697369626c65490011696e636f72726563745f76697369626c655a000c6d756c74695f73656c6563744c000f636f72726563745f6f7074696f6e7374000f4c6a6176612f7574696c2f4d61703b4c0011696e636f72726563745f6f7074696f6e7371007e00014c000d7175657374696f6e5f746578747400124c6a6176612f6c616e672f537472696e673b787200177175697a2e6d6f64656c2e5175697a5175657374696f6e4a33d125931916d60200034900077175697a5f69644900107175697a5f7175657374696f6e5f696449000a736f72745f6f726465727870000000cf0000006f00000064000000010000000300737200116a6176612e7574696c2e486173684d61700507dac1c31660d103000246000a6c6f6164466163746f724900097468726573686f6c6478703f4000000000000c7708000000100000000174000f4361726c7920506174746572736f6e737200106a6176612e6c616e672e446f75626c6580b3c24a296bfb0402000144000576616c7565787200106a6176612e6c616e672e4e756d62657286ac951d0b94e08b02000078703ff0000000000000787371007e00053f4000000000000c7708000000100000000374000d4a6f7264616e205769656265727371007e0008000000000000000074000d476162627920446f75676c61737371007e0008000000000000000074000f4d634b61796c61204d61726f6e65797371007e000800000000000000007874004b57686f20776173206e6f74206f6e20746865203230313220555320576f6d656e73272047796d6e617374696373207465616d20666f7220746865204c6f6e646f6e204f6c796d706963733f, 100),
(113, 207, 'QuestionResponse', 0xaced00057372001b7175697a2e6d6f64656c2e5175657374696f6e526573706f6e7365d99ea4a564a102640200034c000f636f72726563745f616e737765727374000f4c6a6176612f7574696c2f4d61703b4c000e7175657374696f6e5f696d6167657400124c6a6176612f6c616e672f537472696e673b4c000d7175657374696f6e5f7465787471007e0002787200177175697a2e6d6f64656c2e5175697a5175657374696f6e4a33d125931916d60200034900077175697a5f69644900107175697a5f7175657374696f6e5f696449000a736f72745f6f726465727870000000cf00000071000000c8737200116a6176612e7574696c2e486173684d61700507dac1c31660d103000246000a6c6f6164466163746f724900097468726573686f6c6478703f4000000000000c7708000000100000000274000d476162627920446f75676c6173737200106a6176612e6c616e672e446f75626c6580b3c24a296bfb0402000144000576616c7565787200106a6176612e6c616e672e4e756d62657286ac951d0b94e08b020000787040180000000000007400114761627269656c6c6520446f75676c61737371007e000840180000000000007874000074003157686f20776f6e2074686520416c6c2d41726f756e6420476f6c6420696e207468652032303132204f6c796d706963733f, 200),
(115, 205, 'FillInTheBlanks', 0xaced00057372001a7175697a2e6d6f64656c2e46696c6c496e546865426c616e6b73bea98131cce1af7f0200024c000f636f72726563745f616e73776572737400134c6a6176612f7574696c2f486173684d61703b4c000d7175657374696f6e5f746578747400124c6a6176612f6c616e672f537472696e673b787200177175697a2e6d6f64656c2e5175697a5175657374696f6e4a33d125931916d60200034900077175697a5f69644900107175697a5f7175657374696f6e5f696449000a736f72745f6f726465727870000000cd000000730000012c737200116a6176612e7574696c2e486173684d61700507dac1c31660d103000246000a6c6f6164466163746f724900097468726573686f6c6478703f4000000000000c77080000001000000001737200116a6176612e6c616e672e496e746567657212e2a0a4f781873802000149000576616c7565787200106a6176612e6c616e672e4e756d62657286ac951d0b94e08b0200007870000000017371007e00053f4000000000000c7708000000100000000274000a4c656e746963756c6172737200106a6176612e6c616e672e446f75626c6580b3c24a296bfb0402000144000576616c75657871007e0008400000000000000074000a6c656e746963756c61727371007e000c4000000000000000787874008f546865206469736375732069732061205b315d206469736b2c20612074687265652d64696d656e73696f6e616c206f626a65637420776974682061207368617065206f627461696e656420627920726f746174696e6720612074776f2d64696d656e73696f6e616c206c656e732061626f757420697473206e6172726f772061786973206f662073796d6d65747279, 300),
(119, 205, 'MultipleChoice', 0xaced0005737200197175697a2e6d6f64656c2e4d756c7469706c6543686f6963650bc4123134b2d2a702000649000f636f72726563745f76697369626c65490011696e636f72726563745f76697369626c655a000c6d756c74695f73656c6563744c000f636f72726563745f6f7074696f6e7374000f4c6a6176612f7574696c2f4d61703b4c0011696e636f72726563745f6f7074696f6e7371007e00014c000d7175657374696f6e5f746578747400124c6a6176612f6c616e672f537472696e673b787200177175697a2e6d6f64656c2e5175697a5175657374696f6e4a33d125931916d60200034900077175697a5f69644900107175697a5f7175657374696f6e5f696449000a736f72745f6f726465727870000000cd00000077000001f4000000010000000400737200116a6176612e7574696c2e486173684d61700507dac1c31660d103000246000a6c6f6164466163746f724900097468726573686f6c6478703f4000000000000c7708000000100000000174000f446f75626c652070656e64756c756d737200106a6176612e6c616e672e446f75626c6580b3c24a296bfb0402000144000576616c7565787200106a6176612e6c616e672e4e756d62657286ac951d0b94e08b02000078703ff0000000000000787371007e00053f4000000000000c77080000001000000004740009457874656e73696f6e7371007e00080000000000000000740008466c792d417761797371007e00080000000000000000740009537072696e672d75707371007e00080000000000000000740008576869706c6173687371007e00080000000000000000787400465768617420697320746865206e616d652061737369676e656420746f206120706572666563746c7920657865637574656420706f6c65207661756c74207377696e672d75703f, 500),
(121, 207, 'MultipleChoice', 0xaced0005737200197175697a2e6d6f64656c2e4d756c7469706c6543686f6963650bc4123134b2d2a702000649000f636f72726563745f76697369626c65490011696e636f72726563745f76697369626c655a000c6d756c74695f73656c6563744c000f636f72726563745f6f7074696f6e7374000f4c6a6176612f7574696c2f4d61703b4c0011696e636f72726563745f6f7074696f6e7371007e00014c000d7175657374696f6e5f746578747400124c6a6176612f6c616e672f537472696e673b787200177175697a2e6d6f64656c2e5175697a5175657374696f6e4a33d125931916d60200034900077175697a5f69644900107175697a5f7175657374696f6e5f696449000a736f72745f6f726465727870000000cf000000790000012c000000010000000300737200116a6176612e7574696c2e486173684d61700507dac1c31660d103000246000a6c6f6164466163746f724900097468726573686f6c6478703f4000000000000c77080000001000000001740011537665746c616e61204b686f726b696e61737200106a6176612e6c616e672e446f75626c6580b3c24a296bfb0402000144000576616c7565787200106a6176612e6c616e672e4e756d62657286ac951d0b94e08b02000078704014000000000000787371007e00053f4000000000000c77080000001000000003740013456c656e61205a616d6f6c6f6368696b6f76617371007e0008000000000000000074000f416c697961204d7573746166696e617371007e0008000000000000000074001459656b61746572696e61204c6f62617a6e79756b7371007e00080000000000000000787400635768696368205275737369616e2067796d6e6173742c2077686f20636f6d706574656420696e2074686520313939362c20323030302c20616e642032303034204f6c796d706963732c20697320612073656c662d64657363726962656420646976613f, 300),
(123, 207, 'QuestionResponse', 0xaced00057372001b7175697a2e6d6f64656c2e5175657374696f6e526573706f6e7365d99ea4a564a102640200034c000f636f72726563745f616e737765727374000f4c6a6176612f7574696c2f4d61703b4c000e7175657374696f6e5f696d6167657400124c6a6176612f6c616e672f537472696e673b4c000d7175657374696f6e5f7465787471007e0002787200177175697a2e6d6f64656c2e5175697a5175657374696f6e4a33d125931916d60200034900077175697a5f69644900107175697a5f7175657374696f6e5f696449000a736f72745f6f726465727870000000cf0000007b00000190737200116a6176612e7574696c2e486173684d61700507dac1c31660d103000246000a6c6f6164466163746f724900097468726573686f6c6478703f4000000000000c7708000000100000000174000448616d6d737200106a6176612e6c616e672e446f75626c6580b3c24a296bfb0402000144000576616c7565787200106a6176612e6c616e672e4e756d62657286ac951d0b94e08b020000787040280000000000007874006868747470733a2f2f656e637279707465642d74626e322e677374617469632e636f6d2f696d616765733f713d74626e3a414e643947635258686862305774636f7359746135326d5936796b46377134754f7968476b476d59583369675067475662514d2d695147477400255768617420697320746865206c617374206e616d65206f66207468657365207477696e733f, 400),
(125, 205, 'QuestionResponse', 0xaced00057372001b7175697a2e6d6f64656c2e5175657374696f6e526573706f6e7365d99ea4a564a102640200034c000f636f72726563745f616e737765727374000f4c6a6176612f7574696c2f4d61703b4c000e7175657374696f6e5f696d6167657400124c6a6176612f6c616e672f537472696e673b4c000d7175657374696f6e5f7465787471007e0002787200177175697a2e6d6f64656c2e5175697a5175657374696f6e4a33d125931916d60200034900077175697a5f69644900107175697a5f7175657374696f6e5f696449000a736f72745f6f726465727870000000cd0000007d00000258737200116a6176612e7574696c2e486173684d61700507dac1c31660d103000246000a6c6f6164466163746f724900097468726573686f6c6478703f4000000000000c7708000000100000000374000d4c6f6e672044697374616e6365737200106a6176612e6c616e672e446f75626c6580b3c24a296bfb0402000144000576616c7565787200106a6176612e6c616e672e4e756d62657286ac951d0b94e08b0200007870401000000000000074000d4c6f6e672064697374616e63657371007e0008401000000000000074000d6c6f6e672064697374616e63657371007e000840100000000000007874006c687474703a2f2f696d616765732e6e696b652e636f6d2f69732f696d6167652f446f74436f6d2f4e494b455f5044505f465457522f4e696b652d5a6f6f6d2d526976616c2d362d442d556e697365782d547261636b2d5370696b652d3436383634395f3033365f412e6a7067740047576861742074797065206f6620747261636b206576656e742069732074686520736574206f66207370696b657320746869732073686f652062656c6f6e677320746f20666f723f, 600),
(127, 203, 'QuestionResponse', 0xaced00057372001b7175697a2e6d6f64656c2e5175657374696f6e526573706f6e7365d99ea4a564a102640200034c000f636f72726563745f616e737765727374000f4c6a6176612f7574696c2f4d61703b4c000e7175657374696f6e5f696d6167657400124c6a6176612f6c616e672f537472696e673b4c000d7175657374696f6e5f7465787471007e0002787200177175697a2e6d6f64656c2e5175697a5175657374696f6e4a33d125931916d60200034900077175697a5f69644900107175697a5f7175657374696f6e5f696449000a736f72745f6f726465727870000000cb0000007f00000064737200116a6176612e7574696c2e486173684d61700507dac1c31660d103000246000a6c6f6164466163746f724900097468726573686f6c6478703f4000000000000c7708000000100000000078740000740011556e7469746c6564205175657374696f6e, 100),
(129, 195, 'FillInTheBlanks', 0xaced00057372001a7175697a2e6d6f64656c2e46696c6c496e546865426c616e6b73bea98131cce1af7f0200024c000f636f72726563745f616e73776572737400134c6a6176612f7574696c2f486173684d61703b4c000d7175657374696f6e5f746578747400124c6a6176612f6c616e672f537472696e673b787200177175697a2e6d6f64656c2e5175697a5175657374696f6e4a33d125931916d60200034900077175697a5f69644900107175697a5f7175657374696f6e5f696449000a736f72745f6f726465727870000000c30000008100000190737200116a6176612e7574696c2e486173684d61700507dac1c31660d103000246000a6c6f6164466163746f724900097468726573686f6c6478703f4000000000000c77080000001000000003737200116a6176612e6c616e672e496e746567657212e2a0a4f781873802000149000576616c7565787200106a6176612e6c616e672e4e756d62657286ac951d0b94e08b0200007870000000017371007e00053f4000000000000c7708000000100000000174000a486f6c792047686f7374737200106a6176612e6c616e672e446f75626c6580b3c24a296bfb0402000144000576616c75657871007e00083ff0000000000000787371007e0007000000027371007e00053f4000000000000c77080000001000000001740003536f6e7371007e000c3ff0000000000000787371007e0007000000037371007e00053f4000000000000c770800000010000000017400064661746865727371007e000c3ff00000000000007878740036546865205472696e69747920636f6e7369737473206f6620746865205b315d2c20746865205b325d2c20616e6420746865205b335d2e, 400),
(131, 209, 'QuestionResponse', 0xaced00057372001b7175697a2e6d6f64656c2e5175657374696f6e526573706f6e7365d99ea4a564a102640200034c000f636f72726563745f616e737765727374000f4c6a6176612f7574696c2f4d61703b4c000e7175657374696f6e5f696d6167657400124c6a6176612f6c616e672f537472696e673b4c000d7175657374696f6e5f7465787471007e0002787200177175697a2e6d6f64656c2e5175697a5175657374696f6e4a33d125931916d60200034900077175697a5f69644900107175697a5f7175657374696f6e5f696449000a736f72745f6f726465727870000000d10000008300000064737200116a6176612e7574696c2e486173684d61700507dac1c31660d103000246000a6c6f6164466163746f724900097468726573686f6c6478703f4000000000000c7708000000100000000174000b4c616d626f726768696e69737200106a6176612e6c616e672e446f75626c6580b3c24a296bfb0402000144000576616c7565787200106a6176612e6c616e672e4e756d62657286ac951d0b94e08b020000787040200000000000007874006a68747470733a2f2f656e637279707465642d74626e332e677374617469632e636f6d2f696d616765733f713d74626e3a414e64394763516f4f3632667a436f4c556b41764461396f6c73563471625736646b5935746e624957504f4f35684a596b494a6a71344750464174000f477565737320746865206d616b6521, 100),
(133, 209, 'QuestionResponse', 0xaced00057372001b7175697a2e6d6f64656c2e5175657374696f6e526573706f6e7365d99ea4a564a102640200034c000f636f72726563745f616e737765727374000f4c6a6176612f7574696c2f4d61703b4c000e7175657374696f6e5f696d6167657400124c6a6176612f6c616e672f537472696e673b4c000d7175657374696f6e5f7465787471007e0002787200177175697a2e6d6f64656c2e5175697a5175657374696f6e4a33d125931916d60200034900077175697a5f69644900107175697a5f7175657374696f6e5f696449000a736f72745f6f726465727870000000d100000085000000c8737200116a6176612e7574696c2e486173684d61700507dac1c31660d103000246000a6c6f6164466163746f724900097468726573686f6c6478703f4000000000000c770800000010000000017400044d696e69737200106a6176612e6c616e672e446f75626c6580b3c24a296bfb0402000144000576616c7565787200106a6176612e6c616e672e4e756d62657286ac951d0b94e08b0200007870402200000000000078740054687474703a2f2f75706c6f61642e77696b696d656469612e6f72672f77696b6970656469612f636f6d6d6f6e732f7468756d622f372f37622f4f7572446f672e6a70672f38303070782d4f7572446f672e6a70677400115768617420697320746865206d616b653f, 200),
(135, 209, 'QuestionResponse', 0xaced00057372001b7175697a2e6d6f64656c2e5175657374696f6e526573706f6e7365d99ea4a564a102640200034c000f636f72726563745f616e737765727374000f4c6a6176612f7574696c2f4d61703b4c000e7175657374696f6e5f696d6167657400124c6a6176612f6c616e672f537472696e673b4c000d7175657374696f6e5f7465787471007e0002787200177175697a2e6d6f64656c2e5175697a5175657374696f6e4a33d125931916d60200034900077175697a5f69644900107175697a5f7175657374696f6e5f696449000a736f72745f6f726465727870000000d1000000870000012c737200116a6176612e7574696c2e486173684d61700507dac1c31660d103000246000a6c6f6164466163746f724900097468726573686f6c6478703f4000000000000c7708000000100000000174000c4173746f6e204d617274696e737200106a6176612e6c616e672e446f75626c6580b3c24a296bfb0402000144000576616c7565787200106a6176612e6c616e672e4e756d62657286ac951d0b94e08b0200007870401800000000000078740052687474703a2f2f667265616b776865656c2e636f6d2f77702d636f6e74656e742f75706c6f6164732f323031322f30362f4173746f6e2d4d617274696e2d56616e71756973682d566f6c616e74652e6a7067740015596f75206b6e6f7720746865206472696c6c2e2e2e, 300),
(137, 209, 'QuestionResponse', 0xaced00057372001b7175697a2e6d6f64656c2e5175657374696f6e526573706f6e7365d99ea4a564a102640200034c000f636f72726563745f616e737765727374000f4c6a6176612f7574696c2f4d61703b4c000e7175657374696f6e5f696d6167657400124c6a6176612f6c616e672f537472696e673b4c000d7175657374696f6e5f7465787471007e0002787200177175697a2e6d6f64656c2e5175697a5175657374696f6e4a33d125931916d60200034900077175697a5f69644900107175697a5f7175657374696f6e5f696449000a736f72745f6f726465727870000000d10000008900000190737200116a6176612e7574696c2e486173684d61700507dac1c31660d103000246000a6c6f6164466163746f724900097468726573686f6c6478703f4000000000000c77080000001000000001740007506f7273636865737200106a6176612e6c616e672e446f75626c6580b3c24a296bfb0402000144000576616c7565787200106a6176612e6c616e672e4e756d62657286ac951d0b94e08b0200007870402000000000000078740053687474703a2f2f77616c6c64726966742e636f6d2f77702d636f6e74656e742f75706c6f6164732f323031332f30332f48442d506f72736368652d436172726572612d47542d57616c6c70617065722e6a7067740015596f75206b6e6f7720746865206472696c6c2e2e2e, 400),
(141, 209, 'QuestionResponse', 0xaced00057372001b7175697a2e6d6f64656c2e5175657374696f6e526573706f6e7365d99ea4a564a102640200034c000f636f72726563745f616e737765727374000f4c6a6176612f7574696c2f4d61703b4c000e7175657374696f6e5f696d6167657400124c6a6176612f6c616e672f537472696e673b4c000d7175657374696f6e5f7465787471007e0002787200177175697a2e6d6f64656c2e5175697a5175657374696f6e4a33d125931916d60200034900077175697a5f69644900107175697a5f7175657374696f6e5f696449000a736f72745f6f726465727870000000d10000008d00000000737200116a6176612e7574696c2e486173684d61700507dac1c31660d103000246000a6c6f6164466163746f724900097468726573686f6c6478703f4000000000000c7708000000100000000078740000740011556e7469746c6564205175657374696f6e, 500),
(143, 213, 'QuestionResponse', 0xaced00057372001b7175697a2e6d6f64656c2e5175657374696f6e526573706f6e7365d99ea4a564a102640200034c000f636f72726563745f616e737765727374000f4c6a6176612f7574696c2f4d61703b4c000e7175657374696f6e5f696d6167657400124c6a6176612f6c616e672f537472696e673b4c000d7175657374696f6e5f7465787471007e0002787200177175697a2e6d6f64656c2e5175697a5175657374696f6e4a33d125931916d60200034900077175697a5f69644900107175697a5f7175657374696f6e5f696449000a736f72745f6f726465727870000000d50000008f00000064737200116a6176612e7574696c2e486173684d61700507dac1c31660d103000246000a6c6f6164466163746f724900097468726573686f6c6478703f4000000000000c7708000000100000000174000a4d697473756269736869737200106a6176612e6c616e672e446f75626c6580b3c24a296bfb0402000144000576616c7565787200106a6176612e6c616e672e4e756d62657286ac951d0b94e08b020000787040220000000000007874006868747470733a2f2f656e637279707465642d74626e312e677374617469632e636f6d2f696d616765733f713d74626e3a414e64394763537a4957325879645f69436d53416543615f56463762656e5f745136416c6b3176466c457a41326a6f514758385544785746740000, 100),
(145, 213, 'QuestionResponse', 0xaced00057372001b7175697a2e6d6f64656c2e5175657374696f6e526573706f6e7365d99ea4a564a102640200034c000f636f72726563745f616e737765727374000f4c6a6176612f7574696c2f4d61703b4c000e7175657374696f6e5f696d6167657400124c6a6176612f6c616e672f537472696e673b4c000d7175657374696f6e5f7465787471007e0002787200177175697a2e6d6f64656c2e5175697a5175657374696f6e4a33d125931916d60200034900077175697a5f69644900107175697a5f7175657374696f6e5f696449000a736f72745f6f726465727870000000d500000091000000c8737200116a6176612e7574696c2e486173684d61700507dac1c31660d103000246000a6c6f6164466163746f724900097468726573686f6c6478703f4000000000000c77080000001000000001740008496e66696e697469737200106a6176612e6c616e672e446f75626c6580b3c24a296bfb0402000144000576616c7565787200106a6176612e6c616e672e4e756d62657286ac951d0b94e08b020000787040200000000000007874002b687474703a2f2f7777772e72706d676f2e636f6d2f696d616765732f696e66696e6974795f65782e6a7067740011556e7469746c6564205175657374696f6e, 200),
(149, 215, 'QuestionResponse', 0xaced00057372001b7175697a2e6d6f64656c2e5175657374696f6e526573706f6e7365d99ea4a564a102640200034c000f636f72726563745f616e737765727374000f4c6a6176612f7574696c2f4d61703b4c000e7175657374696f6e5f696d6167657400124c6a6176612f6c616e672f537472696e673b4c000d7175657374696f6e5f7465787471007e0002787200177175697a2e6d6f64656c2e5175697a5175657374696f6e4a33d125931916d60200034900077175697a5f69644900107175697a5f7175657374696f6e5f696449000a736f72745f6f726465727870000000d70000009500000064737200116a6176612e7574696c2e486173684d61700507dac1c31660d103000246000a6c6f6164466163746f724900097468726573686f6c6478703f4000000000000c7708000000100000000174000e41706f63616c79707365204e6f77737200106a6176612e6c616e672e446f75626c6580b3c24a296bfb0402000144000576616c7565787200106a6176612e6c616e672e4e756d62657286ac951d0b94e08b020000787040240000000000007874000074003a477565737320746865206d6f76696520746869732069732066726f6d2e0d0a2254686520686f72726f722e2054686520686f72726f722e2e2e22, 100),
(153, 215, 'QuestionResponse', 0xaced00057372001b7175697a2e6d6f64656c2e5175657374696f6e526573706f6e7365d99ea4a564a102640200034c000f636f72726563745f616e737765727374000f4c6a6176612f7574696c2f4d61703b4c000e7175657374696f6e5f696d6167657400124c6a6176612f6c616e672f537472696e673b4c000d7175657374696f6e5f7465787471007e0002787200177175697a2e6d6f64656c2e5175697a5175657374696f6e4a33d125931916d60200034900077175697a5f69644900107175697a5f7175657374696f6e5f696449000a736f72745f6f726465727870000000d700000099000000c8737200116a6176612e7574696c2e486173684d61700507dac1c31660d103000246000a6c6f6164466163746f724900097468726573686f6c6478703f4000000000000c7708000000100000000174000f4361707461696e20416d6572696361737200106a6176612e6c616e672e446f75626c6580b3c24a296bfb0402000144000576616c7565787200106a6176612e6c616e672e4e756d62657286ac951d0b94e08b0200007870402e000000000000787400007400682243616e20492061736b20796f752061207175657374696f6e3f220d0a224a757374206f6e653f220d0a22576879206d653f220d0a224920737570706f7365207468617420697320746865206f6e6c79207175657374696f6e2074686174206d6174746572732e22, 200),
(155, 215, 'QuestionResponse', 0xaced00057372001b7175697a2e6d6f64656c2e5175657374696f6e526573706f6e7365d99ea4a564a102640200034c000f636f72726563745f616e737765727374000f4c6a6176612f7574696c2f4d61703b4c000e7175657374696f6e5f696d6167657400124c6a6176612f6c616e672f537472696e673b4c000d7175657374696f6e5f7465787471007e0002787200177175697a2e6d6f64656c2e5175697a5175657374696f6e4a33d125931916d60200034900077175697a5f69644900107175697a5f7175657374696f6e5f696449000a736f72745f6f726465727870000000d70000009b0000012c737200116a6176612e7574696c2e486173684d61700507dac1c31660d103000246000a6c6f6164466163746f724900097468726573686f6c6478703f4000000000000c77080000001000000001740015546865204461726b204b6e69676874205269736573737200106a6176612e6c616e672e446f75626c6580b3c24a296bfb0402000144000576616c7565787200106a6176612e6c616e672e4e756d62657286ac951d0b94e08b020000787040350000000000007874000074008e22537572766976616c20697320746865207370697269742e2054686520736f756c2e220d0a224d7920736f756c20697320617320726561647920746f20657363617065206173206973206d7920626f64792e220d0a22466561722069732077687920796f75206661696c2e220d0a224e6f2c2049276d206e6f74206166726169642e2049276d20616e6772792e22, 300),
(159, 217, 'QuestionResponse', 0xaced00057372001b7175697a2e6d6f64656c2e5175657374696f6e526573706f6e7365d99ea4a564a102640200034c000f636f72726563745f616e737765727374000f4c6a6176612f7574696c2f4d61703b4c000e7175657374696f6e5f696d6167657400124c6a6176612f6c616e672f537472696e673b4c000d7175657374696f6e5f7465787471007e0002787200177175697a2e6d6f64656c2e5175697a5175657374696f6e4a33d125931916d60200034900077175697a5f69644900107175697a5f7175657374696f6e5f696449000a736f72745f6f726465727870000000d90000009f00000064737200116a6176612e7574696c2e486173684d61700507dac1c31660d103000246000a6c6f6164466163746f724900097468726573686f6c6478703f4000000000000c770800000010000000017400185468652050757273756974206f662048617070796e657373737200106a6176612e6c616e672e446f75626c6580b3c24a296bfb0402000144000576616c7565787200106a6176612e6c616e672e4e756d62657286ac951d0b94e08b020000787040280000000000007874000074009d22596f7520676f74206120647265616d2c20796f7520676f7474612070726f746563742069742e2050656f706c652063616e277420646f20736f6d657468696e27207468656d73656c7665732c20746865792077616e6e612074656c6c20796f7520796f752063616e277420646f2069742e20496620796f752077616e7420736f6d657468696e272c20676f206765742069742e20506572696f642e22, 100),
(161, 217, 'QuestionResponse', 0xaced00057372001b7175697a2e6d6f64656c2e5175657374696f6e526573706f6e7365d99ea4a564a102640200034c000f636f72726563745f616e737765727374000f4c6a6176612f7574696c2f4d61703b4c000e7175657374696f6e5f696d6167657400124c6a6176612f6c616e672f537472696e673b4c000d7175657374696f6e5f7465787471007e0002787200177175697a2e6d6f64656c2e5175697a5175657374696f6e4a33d125931916d60200034900077175697a5f69644900107175697a5f7175657374696f6e5f696449000a736f72745f6f726465727870000000d9000000a1000000c8737200116a6176612e7574696c2e486173684d61700507dac1c31660d103000246000a6c6f6164466163746f724900097468726573686f6c6478703f4000000000000c7708000000100000000274001752616964657273206f6620746865204c6f73742041726b737200106a6176612e6c616e672e446f75626c6580b3c24a296bfb0402000144000576616c7565787200106a6176612e6c616e672e4e756d62657286ac951d0b94e08b0200007870403900000000000074000d496e6469616e61204a6f6e65737371007e000840280000000000007874000074005a22596f75277265206e6f7420746865206d616e2049206b6e65772074656e2079656172732061676f2e220d0a2249742773206e6f74207468652079656172732c20686f6e65792c206974277320746865206d696c656167652e22, 200);

-- --------------------------------------------------------

--
-- Table structure for table `rating`
--

CREATE TABLE IF NOT EXISTS `rating` (
  `user_id` int(11) NOT NULL,
  `quiz_id` int(11) NOT NULL,
  `stars` int(11) NOT NULL,
  UNIQUE KEY `user_id` (`user_id`,`quiz_id`)
) ENGINE=MyISAM DEFAULT CHARSET=utf8;

--
-- Dumping data for table `rating`
--

INSERT INTO `rating` (`user_id`, `quiz_id`, `stars`) VALUES
(27, 219, 2),
(37, 195, 4),
(37, 203, 4),
(37, 213, 5),
(37, 209, 5),
(27, 195, 2),
(29, 213, 4),
(29, 199, 3),
(27, 211, 4),
(27, 199, 4),
(25, 197, 5);

-- --------------------------------------------------------

--
-- Table structure for table `review`
--

CREATE TABLE IF NOT EXISTS `review` (
  `user_id` int(11) NOT NULL,
  `quiz_id` int(11) NOT NULL,
  `content` varchar(1000) NOT NULL,
  `time` datetime NOT NULL,
  PRIMARY KEY (`user_id`,`quiz_id`)
) ENGINE=MyISAM DEFAULT CHARSET=utf8;

--
-- Dumping data for table `review`
--

INSERT INTO `review` (`user_id`, `quiz_id`, `content`, `time`) VALUES
(27, 219, 'Surprisingly, I knew these words.  I don''t feel like the rest of the world would though, especially since part of the quiz is conducted in Earth language.', '2013-03-14 22:14:55');

-- --------------------------------------------------------

--
-- Table structure for table `tag`
--

CREATE TABLE IF NOT EXISTS `tag` (
  `quiz_id` int(11) NOT NULL,
  `hashtag` varchar(100) NOT NULL,
  PRIMARY KEY (`quiz_id`,`hashtag`)
) ENGINE=MyISAM DEFAULT CHARSET=utf8;

--
-- Dumping data for table `tag`
--

INSERT INTO `tag` (`quiz_id`, `hashtag`) VALUES
(195, '#Catholicism'),
(195, '#Finals'),
(195, '#Pope'),
(195, '#Religion'),
(195, '#VaticanCity'),
(197, '#Finals'),
(197, '#Music'),
(199, '#Awesome'),
(199, '#Dimsum'),
(199, '#Finals'),
(199, '#Food'),
(205, '#Awesome'),
(205, '#Olympics'),
(205, '#Sports'),
(205, '#Track'),
(207, '#Athletes'),
(207, '#Finals'),
(207, '#Gymnastics'),
(207, '#Olympics'),
(207, '#People'),
(207, '#Sports'),
(209, '#Cars'),
(209, '#Finals'),
(209, '#PopCulture'),
(209, '#Sports'),
(213, '#Cars'),
(213, '#Finals'),
(213, '#Luxury'),
(213, '#Sports'),
(215, '#Actors'),
(215, '#Entertainment'),
(215, '#Movies'),
(215, '#People'),
(215, '#PopCulture'),
(215, '#Quotes'),
(217, '#Entertainment'),
(217, '#Movies'),
(217, '#PopCulture');

-- --------------------------------------------------------

--
-- Table structure for table `user`
--

CREATE TABLE IF NOT EXISTS `user` (
  `user_id` int(11) NOT NULL AUTO_INCREMENT,
  `email` varchar(255) NOT NULL,
  `password` varchar(255) NOT NULL,
  `full_name` varchar(255) NOT NULL,
  `is_admin` tinyint(4) NOT NULL,
  `cookie_key` varchar(255) DEFAULT NULL,
  PRIMARY KEY (`user_id`),
  UNIQUE KEY `email` (`email`),
  UNIQUE KEY `cookie_key` (`cookie_key`)
) ENGINE=InnoDB  DEFAULT CHARSET=utf8 AUTO_INCREMENT=41 ;

--
-- Dumping data for table `user`
--

INSERT INTO `user` (`user_id`, `email`, `password`, `full_name`, `is_admin`, `cookie_key`) VALUES
(25, 'jliu12@stanford.edu', '2008c2b1a5d8c1ad061c912f05e88077d03304c5', 'Construction Worker', 1, '1276505587842420408161958011551594572321478'),
(27, 'ayyyeung@gmail.com', '0de5bc46f68044da39835387c205d78f4b664f49', 'Skipper Charleston', 0, '388177304922208122463239307011292467602543'),
(29, 'jliu10@gmail.com', '26e9c79058ecc22113f4cd4e423b3efd0a3b8bc5', 'Skipper C. Cution', 0, '1204465516809117130002696436608764340216931'),
(33, 'daryl@gmail.com', '97d20c5e661291d2bb5bb7377c3e0d98c49d6099', 'Daryl Ismail', 0, '1065320717861859655376841637427292780477596'),
(35, 'sanya@gmail.com', 'e336907b4c117b8a53f3556e5d3f461965326301', 'Sanya Seraband', 0, NULL),
(37, 'frankchn@gmail.com', '1d4a636593ff9dffe36fd96b8c525fbbdd4ef02e', 'Frank Chen', 1, '360326020086242979452260642086763661872521');
